st_marker_id,lon,lat
A0,-73.8759536743164,40.76993942260742
A1,-73.99118041992188,40.74494934082031
A2,-73.91065216064453,40.75320053100586
A3,-73.97720336914062,40.75192260742188
A4,-73.96723937988281,40.75914001464844
A5,-73.99900817871094,40.72235107421875
A6,-73.9660873413086,40.71210861206056
A7,-73.98561096191406,40.76784896850586
A8,-73.98185729980467,40.76882553100586
A9,-74.00839233398438,40.73404312133789
A10,-74.00142669677734,40.731971740722656
A11,-74.00303649902342,40.73360443115234
A12,-73.96769714355469,40.76700973510742
A13,-73.78177642822266,40.64473342895508
A14,-73.87076568603516,40.77376174926758
A15,-73.97772216796875,40.76442337036133
A16,-74.00079345703125,40.72750854492188
A17,-74.00335693359375,40.733108520507805
A18,-74.0098114013672,40.73830032348633
A19,-74.00679779052734,40.74414825439453
A20,-73.9929962158203,40.72795104980469
A21,-73.97978210449217,40.75276947021485
A22,-73.9889144897461,40.73640060424805
A23,-73.90196228027342,40.74097442626953
A24,-73.98735809326173,40.73604202270508
A25,-73.98466491699219,40.7574577331543
A26,-73.92676544189453,40.701290130615234
A27,-73.98959350585938,40.74153137207031
A28,-73.97978210449217,40.77607345581056
A29,-74.00019073486328,40.732864379882805
A30,-73.95800018310547,40.71048355102539
A31,-73.99003601074217,40.7187385559082
A32,-73.98604583740233,40.722450256347656
A33,-73.99568176269531,40.73913192749024
A34,-73.99126434326173,40.74486541748047
A35,-73.97977447509764,40.75905990600586
A36,-74.00322723388672,40.72729110717773
A37,-73.9871826171875,40.72052383422852
A38,-73.94568634033203,40.77790451049805
A39,-73.7904052734375,40.64376449584961
A40,-73.98118591308595,40.72899627685546
A41,-74.00259399414062,40.7338752746582
A42,-74.00769805908203,40.74043655395508
A43,-73.98916625976561,40.71648025512695
A44,-73.9900665283203,40.756649017333984
A45,-73.99565887451173,40.74406051635742
A46,-73.98348999023438,40.76288604736328
A47,-73.77679443359375,40.64537048339844
A48,-73.98918151855469,40.71646881103516
A49,-73.97836303710938,40.77314376831056
A50,-73.87306976318358,40.77410125732422
A51,-74.01335906982422,40.715126037597656
A52,-73.98651885986328,40.734256744384766
A53,-73.93997192382812,40.83023834228516
A54,-73.96437835693358,40.76041030883789
A55,-73.98605346679686,40.76269912719727
A56,-73.96824645996092,40.755401611328125
A57,-73.97388458251953,40.75075912475586
A58,-73.9813232421875,40.74372863769531
A59,-74.00637054443358,40.73344039916992
A60,-73.97647857666014,40.78575134277344
A61,-73.99896240234375,40.71644973754882
A62,-74.00940704345702,40.710548400878906
A63,-73.9865951538086,40.77184677124024
A64,-73.99283599853516,40.737300872802734
A65,-73.98419952392578,40.7458381652832
A66,-73.98967742919923,40.7568359375
A67,-73.98352813720702,40.744361877441406
A68,-73.78174591064453,40.64477157592773
A69,-73.99929809570312,40.72819900512695
A70,-73.98915100097656,40.758113861083984
A71,-73.99014282226561,40.761531829833984
A72,-73.91792297363281,40.815311431884766
A73,-73.96797943115233,40.75678634643555
A74,-73.98949432373048,40.720516204833984
A75,-73.98657989501953,40.75658798217773
A76,-73.98641967773438,40.7628288269043
A77,-73.78205108642578,40.644657135009766
A78,-74.00035095214845,40.71446990966797
A79,-73.9864501953125,40.719486236572266
A80,-73.97116088867188,40.76088333129882
A81,-73.96173095703125,40.77106094360352
A82,-73.98135375976561,40.73740005493164
A83,-73.99744415283203,40.7570915222168
A84,-73.9611587524414,40.76910400390625
A85,-73.97722625732422,40.75308227539063
A86,-73.99263000488281,40.71999740600586
A87,-74.00707244873048,40.7441864013672
A88,-73.98493957519531,40.74227142333984
A89,-73.98917388916014,40.74845504760742
A90,-73.97624969482422,40.7398567199707
A91,-73.9984130859375,40.74525833129882
A92,-73.95969390869139,40.782501220703125
A93,-73.95655059814453,40.77066040039063
A94,-73.97313690185547,40.75535583496094
A95,-73.98439025878906,40.7249870300293
A96,-73.98120880126953,40.77936935424805
A97,-73.9898681640625,40.73421096801758
A98,-73.98745727539062,40.73310089111328
A99,-73.9929962158203,40.7479248046875
A100,-73.97968292236328,40.73967361450195
A101,-73.99349975585938,40.75727081298828
A102,-74.00718688964845,40.72721862792969
A103,-73.78202056884764,40.64470291137695
A104,-73.98194122314453,40.7678108215332
A105,-73.9866485595703,40.74000930786133
A106,-73.99785614013672,40.74091339111328
A107,-73.98167419433594,40.7435417175293
A108,-73.98506927490233,40.76002883911133
A109,-73.98595428466798,40.752265930175774
A110,-73.98773956298828,40.728458404541016
A111,-73.97211456298828,40.78662109375
A112,-74.00194549560547,40.724491119384766
A113,-73.99700164794923,40.722694396972656
A114,-73.98197937011719,40.77498626708984
A115,-73.96947479248048,40.75613021850586
A116,-74.00442504882812,40.74771499633789
A117,-74.00344848632812,40.73868179321289
A118,-73.9550552368164,40.801753997802734
A119,-73.963134765625,40.77483749389648
A120,-73.9886474609375,40.729000091552734
A121,-73.98807525634764,40.72287368774414
A122,-73.88536071777342,40.77306365966797
A123,-73.98801422119139,40.72138595581056
A124,-73.9548568725586,40.78038024902344
A125,-74.00588226318358,40.740142822265625
A126,-73.98900604248048,40.75854110717773
A127,-73.94744873046875,40.781883239746094
A128,-73.99046325683594,40.7458610534668
A129,-73.95368957519531,40.78212738037109
A130,-73.98023223876953,40.7429313659668
A131,-73.77670288085938,40.645267486572266
A132,-73.9652328491211,40.755069732666016
A133,-73.96910858154298,40.790840148925774
A134,-73.98772430419923,40.76028060913086
A135,-73.98297119140625,40.73078536987305
A136,-73.95970916748048,40.71398162841797
A137,-73.99227142333984,40.7250862121582
A138,-73.99722290039062,40.7192268371582
A139,-73.97327423095702,40.7529296875
A140,-73.9735107421875,40.75239181518555
A141,-73.9753646850586,40.76074600219727
A142,-73.98255920410156,40.749378204345696
A143,-73.98229217529298,40.77141571044922
A144,-73.78997039794923,40.647071838378906
A145,-74.00320434570312,40.72777557373047
A146,-73.96218872070312,40.75918960571289
A147,-73.98587036132812,40.74696731567384
A148,-73.97383880615233,40.76317596435546
A149,-73.98359680175781,40.74394989013672
A150,-73.97203826904298,40.76277160644531
A151,-73.99015045166014,40.7619514465332
A152,-73.9781723022461,40.7834587097168
A153,-74.00182342529298,40.74568557739258
A154,-74.00444030761719,40.707889556884766
A155,-74.00425720214845,40.731178283691406
A156,-73.9877700805664,40.72119140625
A157,-73.97542572021484,40.78701400756836
A158,-73.98361206054686,40.746849060058594
A159,-73.97574615478516,40.78654861450195
A160,-73.9841537475586,40.68819046020508
A161,-73.95186614990233,40.79010391235352
A162,-73.96215057373048,40.713260650634766
A163,-73.99282836914062,40.73022079467773
A164,-73.98496246337889,40.769161224365234
A165,-73.9236602783203,40.70721054077149
A166,-73.95189666748048,40.76964569091797
A167,-73.87088775634764,40.77370071411133
A168,-73.7901611328125,40.6469612121582
A169,-73.98805236816406,40.72869873046875
A170,-74.00147247314453,40.73103332519531
A171,-73.99442291259764,40.75614929199219
A172,-73.99712371826173,40.7469596862793
A173,-73.99696350097656,40.72063064575195
A174,-73.98136901855469,40.72993087768555
A175,-74.00769805908203,40.71017074584961
A176,-74.00226593017578,40.739593505859375
A177,-73.95500946044923,40.7734260559082
A178,-73.9869842529297,40.73320770263672
A179,-73.96753692626953,40.75642013549805
A180,-73.98285675048828,40.73550033569336
A181,-73.77674102783203,40.64514923095703
A182,-73.96842956542967,40.7551383972168
A183,-73.97840118408203,40.76678085327149
A184,-73.99154663085938,40.7269401550293
A185,-73.98204040527344,40.77098083496094
A186,-73.98564147949219,40.72771453857422
A187,-73.95596313476561,40.77595901489258
A188,-73.98583984375,40.7470817565918
A189,-73.99110412597656,40.745208740234375
A190,-73.98817443847656,40.727832794189446
A191,-74.0003204345703,40.7304801940918
A192,-73.99004364013672,40.7294807434082
A193,-73.98703002929686,40.73323059082031
A194,-73.95277404785155,40.778614044189446
A195,-73.95377349853516,40.77089309692384
A196,-73.98743438720702,40.73312759399414
A197,-73.96888732910156,40.7542381286621
A198,-74.00788116455078,40.74027633666992
A199,-74.00827026367188,40.7412223815918
A200,-73.95090484619139,40.77482604980469
A201,-73.98818969726561,40.74844741821289
A202,-73.94610595703125,40.78169631958008
A203,-74.00606536865233,40.73454666137695
A204,-73.98020172119139,40.73908996582031
A205,-73.97968292236328,40.74966812133789
A206,-73.99046325683594,40.75642013549805
A207,-73.98857879638672,40.722755432128906
A208,-73.99315643310547,40.72269821166992
A209,-74.01058959960938,40.720970153808594
A210,-73.9338607788086,40.802467346191406
A211,-73.9925765991211,40.75191116333008
A212,-73.97473907470702,40.76533126831056
A213,-74.00002288818358,40.7387580871582
A214,-73.9760513305664,40.7447509765625
A215,-74.00289154052734,40.73346328735352
A216,-73.95278930664062,40.78049850463867
A217,-73.99910736083984,40.73414993286133
A218,-74.00643157958984,40.70844650268555
A219,-73.97806549072266,40.7866325378418
A220,-73.98596954345702,40.76718521118164
A221,-73.99594116210938,40.74433135986328
A222,-73.98233032226561,40.76784896850586
A223,-73.98619079589844,40.730751037597656
A224,-73.98123168945312,40.74454879760742
A225,-74.01061248779298,40.717811584472656
A226,-73.98512268066406,40.73226165771485
A227,-74.00441741943358,40.721168518066406
A228,-73.98954772949219,40.75794219970703
A229,-73.95037078857422,40.77150344848633
A230,-73.9990234375,40.7445182800293
A231,-73.88534545898438,40.773113250732415
A232,-73.98880767822266,40.72985076904297
A233,-73.99636840820312,40.76340866088867
A234,-73.98609924316406,40.75085067749024
A235,-73.97727203369139,40.78450012207031
A236,-73.97307586669923,40.75648498535156
A237,-73.98948669433594,40.769508361816406
A238,-74.0059051513672,40.71390151977539
A239,-73.98749542236328,40.765438079833984
A240,-73.99217224121092,40.73786926269531
A241,-73.98938751220702,40.75873947143555
A242,-73.99671173095702,40.73733139038086
A243,-73.98306274414062,40.78194808959961
A244,-74.00099182128906,40.73683547973633
A245,-73.9884262084961,40.75493621826172
A246,-73.98213958740233,40.77852249145508
A247,-73.98311614990233,40.76778030395508
A248,-73.98125457763672,40.78153610229492
A249,-73.952880859375,40.780250549316406
A250,-73.98748779296875,40.72165298461913
A251,-73.78913879394531,40.64283752441406
A252,-73.99331665039062,40.75265884399414
A253,-73.9856185913086,40.74713897705078
A254,-73.98782348632812,40.74388122558594
A255,-73.98104858398438,40.77431106567384
A256,-74.0107879638672,40.70302963256836
A257,-73.9961395263672,40.75872421264648
A258,-73.98784637451173,40.72834396362305
A259,-73.98867797851561,40.71931838989258
A260,-73.92510986328125,40.69123840332031
A261,-73.99472045898438,40.74536895751953
A262,-73.98102569580078,40.764663696289055
A263,-73.9747543334961,40.793304443359375
A264,-73.95372009277344,40.77518081665039
A265,-73.98885345458984,40.774017333984375
A266,-74.00749969482422,40.72576904296875
A267,-73.96044921875,40.76977157592773
A268,-73.97886657714845,40.74065017700195
A269,-73.9905014038086,40.75285720825195
A270,-73.98158264160156,40.71458053588867
A271,-74.01396179199219,40.70661544799805
A272,-73.95928955078125,40.81974411010742
A273,-73.99109649658203,40.76044464111328
A274,-73.99896240234375,40.7341194152832
A275,-73.99342346191406,40.74892807006836
A276,-73.94799041748048,40.77467727661133
A277,-73.95661926269531,40.775390625
A278,-73.7880630493164,40.64162063598633
A279,-74.00115966796875,40.73096466064453
A280,-74.01138305664062,40.71493911743164
A281,-73.98606109619139,40.75749969482422
A282,-73.94078826904298,40.79306411743164
A283,-73.98091888427734,40.72498321533203
A284,-73.97520446777344,40.74942398071289
A285,-73.98209381103516,40.727821350097656
A286,-73.99597930908203,40.75406265258789
A287,-73.981201171875,40.77413940429688
A288,-73.97703552246092,40.77685546875
A289,-73.95034790039062,40.77981185913086
A290,-73.98571014404298,40.73541641235352
A291,-73.98180389404298,40.74970626831056
A292,-73.91567993164062,40.77212905883789
A293,-73.960693359375,40.77000045776367
A294,-73.98745727539062,40.73287963867188
A295,-73.98548126220702,40.747257232666016
A296,-74.00149536132812,40.73604202270508
A297,-73.77669525146483,40.64542388916016
A298,-73.98181915283203,40.743141174316406
A299,-73.99166107177734,40.726856231689446
A300,-73.98709106445312,40.72224426269531
A301,-73.98747253417967,40.759571075439446
A302,-74.00286102294923,40.73962020874024
A303,-73.97378540039062,40.789375305175774
A304,-73.98831939697266,40.72357940673828
A305,-74.0042724609375,40.733448028564446
A306,-74.00617218017578,40.74239730834961
A307,-73.9955825805664,40.76013946533203
A308,-73.9797134399414,40.73937225341797
A309,-73.98606872558594,40.75879669189453
A310,-73.96981811523438,40.756961822509766
A311,-73.98771667480467,40.72419738769531
A312,-73.9994125366211,40.7276611328125
A313,-74.00242614746092,40.75528335571289
A314,-73.87255859375,40.77425003051758
A315,-73.98772430419923,40.751567840576165
A316,-73.78868103027342,40.64105987548828
A317,-73.98433685302734,40.720516204833984
A318,-73.98780059814453,40.68820190429688
A319,-73.95297241210938,40.7783203125
A320,-73.98390197753906,40.7596435546875
A321,-74.00899505615233,40.70724868774414
A322,-73.98148345947266,40.7646942138672
A323,-74.00408172607422,40.74270248413086
A324,-73.98391723632812,40.7440185546875
A325,-73.98275756835938,40.76431274414063
A326,-73.98580169677734,40.74761962890625
A327,-73.98005676269531,40.75475311279297
A328,-73.98495483398438,40.76908493041992
A329,-74.00072479248048,40.72982025146485
A330,-73.98821258544923,40.722938537597656
A331,-73.98292541503906,40.7557487487793
A332,-73.98204040527344,40.728530883789055
A333,-73.99462127685547,40.75027084350586
A334,-73.99000549316406,40.760684967041016
A335,-73.9813232421875,40.72497177124024
A336,-73.98973846435547,40.72962951660156
A337,-73.96502685546875,40.75983810424805
A338,-73.97604370117188,40.751811981201165
A339,-74.00541687011719,40.73994827270508
A340,-73.98197174072266,40.762405395507805
A341,-73.98456573486328,40.73688125610352
A342,-73.96865844726561,40.75775146484375
A343,-73.97203063964845,40.75398635864258
A344,-73.99732971191406,40.72156524658203
A345,-73.98764038085938,40.72136688232422
A346,-73.99371337890625,40.74163818359375
A347,-73.9864730834961,40.73033142089844
A348,-73.97822570800781,40.74325180053711
A349,-73.98681640625,40.742923736572266
A350,-73.95836639404298,40.713088989257805
A351,-73.99280548095702,40.7581787109375
A352,-73.98744201660156,40.76530838012695
A353,-73.95518493652342,40.765621185302734
A354,-73.97847747802734,40.683940887451165
A355,-74.00734710693358,40.743518829345696
A356,-74.00618743896483,40.71725845336913
A357,-73.98090362548828,40.6850471496582
A358,-73.98589324951173,40.726829528808594
A359,-73.98749542236328,40.75038146972656
A360,-74.00675201416014,40.730464935302734
A361,-73.91889190673827,40.75908660888672
A362,-73.86524963378906,40.76845932006836
A363,-73.94786071777344,40.77920150756836
A364,-74.00414276123048,40.74277114868164
A365,-73.96913146972656,40.76333618164063
A366,-73.96778106689453,40.8019905090332
A367,-73.9911117553711,40.74534606933594
A368,-73.98119354248048,40.75919723510742
A369,-74.00555419921875,40.73995208740234
A370,-73.98385620117188,40.74414825439453
A371,-73.97550964355469,40.752307891845696
A372,-73.99242401123048,40.72893524169922
A373,-73.99984741210938,40.71818923950195
A374,-74.00581359863281,40.750675201416016
A375,-73.970947265625,40.758392333984375
A376,-73.87100219726561,40.77385330200195
A377,-73.95172882080078,40.723388671875
A378,-73.99134063720702,40.73505401611328
A379,-73.9817886352539,40.72425079345703
A380,-73.97921752929686,40.750267028808594
A381,-73.98046875,40.7343864440918
A382,-73.97906494140625,40.72989654541016
A383,-73.98429107666014,40.69562149047852
A384,-74.00891876220702,40.713844299316406
A385,-73.9823989868164,40.767681121826165
A386,-73.97702026367188,40.68359375
A387,-73.99127197265625,40.74998092651367
A388,-73.97032165527342,40.75582885742188
A389,-73.99295806884764,40.7480697631836
A390,-73.98099517822266,40.7295379638672
A391,-73.98909759521484,40.73659896850586
A392,-73.98717498779298,40.695816040039055
A393,-73.99198913574217,40.72647476196289
A394,-73.97356414794923,40.760078430175774
A395,-73.98716735839844,40.72510528564453
A396,-73.99285125732422,40.73578643798828
A397,-73.96345520019531,40.77510833740234
A398,-74.00747680664062,40.74355316162109
A399,-73.96166229248048,40.76032257080078
A400,-73.99079132080078,40.73387145996094
A401,-73.78971099853516,40.64691162109375
A402,-73.99205017089844,40.730953216552734
A403,-73.96201324462889,40.70977783203125
A404,-74.00315856933594,40.727493286132805
A405,-73.78189849853516,40.6445198059082
A406,-73.97750091552734,40.766632080078125
A407,-73.9852294921875,40.75814056396485
A408,-73.98801422119139,40.74788284301758
A409,-73.98390197753906,40.758209228515625
A410,-74.00662994384764,40.73109436035156
A411,-73.98561096191406,40.74720001220703
A412,-73.97122955322266,40.68950653076172
A413,-74.0022964477539,40.739707946777344
A414,-73.97455596923827,40.68004608154297
A415,-73.98648071289062,40.747589111328125
A416,-73.94808197021484,40.778911590576165
A417,-73.994384765625,40.73537826538086
A418,-73.99797821044923,40.74103164672852
A419,-74.00251007080078,40.72651290893555
A420,-73.9725570678711,40.78593444824219
A421,-73.98857879638672,40.748565673828125
A422,-73.98218536376953,40.74576568603516
A423,-73.98623657226561,40.76709365844727
A424,-73.99085235595702,40.75049209594727
A425,-73.98192596435547,40.77294158935546
A426,-73.9700469970703,40.79956817626953
A427,-73.99712371826173,40.722198486328125
A428,-74.00923919677734,40.725833892822266
A429,-73.99127197265625,40.71604919433594
A430,-73.9771957397461,40.76333618164063
A431,-73.96697235107422,40.80393981933594
A432,-73.98699951171875,40.7371482849121
A433,-73.99361419677734,40.74159240722656
A434,-74.00460815429686,40.74216842651367
A435,-73.98507690429686,40.74225234985352
A436,-73.98838043212889,40.731536865234375
A437,-73.99331665039062,40.71997833251953
A438,-74.00100708007811,40.72585678100586
A439,-73.99195861816406,40.76478958129882
A440,-73.9788589477539,40.75041961669922
A441,-73.96858978271484,40.76197814941406
A442,-73.97542572021484,40.65496444702149
A443,-74.00067138671875,40.747108459472656
A444,-73.97606658935547,40.78630065917969
A445,-73.99022674560547,40.76167678833008
A446,-73.98979187011719,40.76054382324219
A447,-73.97828674316406,40.766300201416016
A448,-73.96038055419923,40.76141357421875
A449,-73.9503402709961,40.77157211303711
A450,-73.98827362060547,40.738616943359375
A451,-73.98429870605469,40.74878692626953
A452,-73.99661254882812,40.763309478759766
A453,-73.98741912841797,40.74169158935546
A454,-73.99540710449217,40.74435424804688
A455,-73.99215698242188,40.725711822509766
A456,-74.0052719116211,40.72568130493164
A457,-73.9911880493164,40.73337173461913
A458,-73.98885345458984,40.76364135742188
A459,-73.99513244628906,40.72512435913086
A460,-73.98604583740233,40.72259140014648
A461,-73.98728942871094,40.75558090209961
A462,-73.97506713867188,40.7530403137207
A463,-74.00146484375,40.727813720703125
A464,-73.95204162597656,40.77781677246094
A465,-73.98636627197266,40.7219352722168
A466,-73.98291778564453,40.77181243896485
A467,-73.99748229980467,40.74661636352539
A468,-73.99188995361328,40.75242614746094
A469,-73.98282623291014,40.74362182617188
A470,-73.98745727539062,40.733001708984375
A471,-73.97099304199217,40.75521087646485
A472,-73.9861068725586,40.734649658203125
A473,-73.98111724853516,40.763233184814446
A474,-73.99237060546875,40.72504806518555
A475,-73.98088073730467,40.7598762512207
A476,-73.97962951660156,40.74642181396485
A477,-74.00556945800781,40.72574615478516
A478,-73.95088195800781,40.77907180786133
A479,-73.97831726074217,40.76650619506836
A480,-74.0103759765625,40.71833419799805
A481,-74.00708770751953,40.71609878540039
A482,-73.95764923095702,40.70827102661133
A483,-74.0042724609375,40.742385864257805
A484,-74.00521087646483,40.71956634521485
A485,-73.98505401611328,40.73622131347656
A486,-73.94664764404298,40.78068923950195
A487,-74.00660705566406,40.73376083374024
A488,-73.9693603515625,40.79799270629882
A489,-73.99932098388672,40.728328704833984
A490,-73.99239349365233,40.73468017578125
A491,-73.87109375,40.77385330200195
A492,-73.94831848144531,40.77443313598633
A493,-73.98326110839844,40.74402618408203
A494,-73.9671401977539,40.7563934326172
A495,-73.9599609375,40.76242065429688
A496,-73.99243927001953,40.73063659667969
A497,-74.00401306152342,40.742069244384766
A498,-73.98408508300781,40.72550582885742
A499,-73.96624755859375,40.753662109375
A500,-74.00566101074217,40.740631103515625
A501,-73.79057312011719,40.64485931396485
A502,-73.97708129882812,40.78007125854492
A503,-73.99198913574217,40.758182525634766
A504,-73.98576354980467,40.76224136352539
A505,-73.95597839355469,40.70924377441406
A506,-73.98158264160156,40.764324188232415
A507,-74.00619506835938,40.73395538330078
A508,-73.978759765625,40.75721740722656
A509,-74.01669311523438,40.704788208007805
A510,-73.97469329833984,40.750038146972656
A511,-73.98160552978516,40.767311096191406
A512,-73.94133758544923,40.79196166992188
A513,-73.97888946533203,40.750015258789055
A514,-73.99120330810547,40.74517059326172
A515,-73.9875717163086,40.72439956665039
A516,-73.97825622558594,40.76670837402344
A517,-73.99552154541014,40.74918365478516
A518,-73.9891357421875,40.76331329345703
A519,-73.98223876953125,40.751121520996094
A520,-73.78211212158203,40.644752502441406
A521,-74.01165771484375,40.708290100097656
A522,-73.98484802246092,40.74851989746094
A523,-73.98691558837889,40.75562286376953
A524,-73.99983978271484,40.73317337036133
A525,-73.98504638671875,40.72745895385742
A526,-74.00006866455078,40.74354934692384
A527,-73.975830078125,40.745071411132805
A528,-73.9949951171875,40.74966049194336
A529,-73.99052429199219,40.6866340637207
A530,-73.99027252197266,40.76080322265625
A531,-73.98831176757811,40.73736572265625
A532,-73.99059295654298,40.74195098876953
A533,-73.97830963134764,40.744876861572266
A534,-73.99423980712889,40.751556396484375
A535,-74.00312042236328,40.74416732788086
A536,-73.99049377441406,40.75740432739258
A537,-73.99784851074217,40.71693420410156
A538,-74.00823974609375,40.74055480957031
A539,-74.00605010986328,40.71759033203125
A540,-73.87308502197266,40.774028778076165
A541,-74.00056457519531,40.717323303222656
A542,-73.98587036132812,40.758567810058594
A543,-73.99821472167967,40.74551010131836
A544,-73.98190307617188,40.77286911010742
A545,-73.97997283935547,40.75984954833984
A546,-73.95465087890625,40.6867561340332
A547,-73.77708435058595,40.64637756347656
A548,-73.93443298339844,40.69855880737305
A549,-73.9955062866211,40.72489929199219
A550,-73.98883056640625,40.71718215942384
A551,-73.96238708496092,40.77027130126953
A552,-73.98523712158203,40.7595100402832
A553,-74.00569915771484,40.72575378417969
A554,-73.98346710205078,40.75640869140625
A555,-73.97616577148438,40.763973236083984
A556,-74.00066375732422,40.72897720336913
A557,-73.98100280761719,40.72947692871094
A558,-73.86610412597656,40.77114868164063
A559,-73.97399139404298,40.757110595703125
A560,-73.9512176513672,40.778541564941406
A561,-73.9925079345703,40.71889114379882
A562,-73.78922271728516,40.64763259887695
A563,-73.98187255859375,40.72827911376953
A564,-73.99897766113281,40.72003555297852
A565,-73.99552154541014,40.76470184326172
A566,-74.00721740722656,40.741188049316406
A567,-73.9871597290039,40.74417495727539
A568,-73.983642578125,40.74422836303711
A569,-74.00889587402342,40.7161521911621
A570,-73.99360656738281,40.7210807800293
A571,-73.98238372802734,40.72335815429688
A572,-73.9996795654297,40.72838973999024
A573,-73.97113037109375,40.75864028930664
A574,-73.98983764648438,40.75659942626953
A575,-74.00625610351561,40.73159790039063
A576,-73.98950958251953,40.680000305175774
A577,-74.00070953369139,40.72067260742188
A578,-73.95919799804686,40.65273666381836
A579,-73.99073028564453,40.724468231201165
A580,-73.98680877685547,40.72918701171875
A581,-73.98602294921875,40.75698852539063
A582,-73.98900604248048,40.76022338867188
A583,-73.95763397216798,40.71767807006836
A584,-73.96870422363281,40.75825119018555
A585,-73.96259307861328,40.767120361328125
A586,-74.00878143310547,40.713428497314446
A587,-73.96050262451173,40.77049255371094
A588,-73.87316131591797,40.77412033081056
A589,-73.98914337158203,40.758010864257805
A590,-74.00665283203125,40.713733673095696
A591,-73.98019409179686,40.7425193786621
A592,-73.98023986816406,40.75910568237305
A593,-73.99578857421875,40.75975036621094
A594,-73.98448181152342,40.750099182128906
A595,-73.96602630615233,40.758262634277344
A596,-73.9827651977539,40.750930786132805
A597,-74.00295257568358,40.72824096679688
A598,-73.99686431884764,40.76296615600586
A599,-73.98037719726561,40.726295471191406
A600,-73.9813232421875,40.724979400634766
A601,-73.96737670898438,40.756057739257805
A602,-73.98446655273438,40.740013122558594
A603,-74.006591796875,40.738094329833984
A604,-73.97755432128906,40.7564697265625
A605,-74.00330352783203,40.738933563232415
A606,-73.97832489013672,40.74486541748047
A607,-73.96393585205078,40.76137161254882
A608,-73.98950958251953,40.7358512878418
A609,-73.86309814453125,40.76985168457031
A610,-73.98863983154298,40.74860000610352
A611,-73.99408721923827,40.72673416137695
A612,-73.98405456542967,40.72525787353516
A613,-74.00754547119139,40.725982666015625
A614,-73.98399353027342,40.75524139404297
A615,-74.00012969970702,40.74292755126953
A616,-74.00821685791014,40.73688888549805
A617,-73.99423980712889,40.7426986694336
A618,-73.95174407958984,40.77370071411133
A619,-73.98152160644531,40.76470947265625
A620,-74.00559234619139,40.74072265625
A621,-73.97990417480467,40.77585983276367
A622,-73.9889144897461,40.743953704833984
A623,-73.9876251220703,40.732696533203125
A624,-73.97827911376953,40.76662063598633
A625,-73.97449493408203,40.765430450439446
A626,-73.97708892822266,40.7263298034668
A627,-73.99430084228516,40.7613525390625
A628,-73.97215270996092,40.75982284545898
A629,-73.98621368408203,40.72209548950195
A630,-74.0071792602539,40.71592712402344
A631,-73.9826431274414,40.76179122924805
A632,-73.9850311279297,40.7791404724121
A633,-73.99082946777342,40.76089859008789
A634,-73.9919662475586,40.72576522827149
A635,-73.99029541015625,40.718841552734375
A636,-74.00665283203125,40.74403381347656
A637,-73.95713043212889,40.8019905090332
A638,-73.9850311279297,40.74200820922852
A639,-73.98844146728516,40.727405548095696
A640,-73.99364471435547,40.75698471069336
A641,-74.00254821777344,40.73410034179688
A642,-73.97083282470702,40.75555038452149
A643,-74.00281524658203,40.72810745239258
A644,-73.9857177734375,40.73823165893555
A645,-74.00199127197266,40.72441864013672
A646,-73.78096008300781,40.6450653076172
A647,-73.87089538574217,40.773792266845696
A648,-73.97370910644531,40.76416397094727
A649,-73.98731994628906,40.733154296875
A650,-73.97318267822266,40.75792694091797
A651,-73.95552825927734,40.714088439941406
A652,-73.99842071533203,40.7338981628418
A653,-74.00250244140625,40.73971176147461
A654,-73.97274780273438,40.75279998779297
A655,-73.98422241210938,40.756980895996094
A656,-74.00971221923827,40.738128662109375
A657,-73.96880340576173,40.759254455566406
A658,-73.9894027709961,40.7180290222168
A659,-73.968017578125,40.79228973388672
A660,-73.9853286743164,40.74747085571289
A661,-73.98802185058595,40.754390716552734
A662,-73.8709487915039,40.77368927001953
A663,-73.97413635253906,40.75104904174805
A664,-73.93193817138672,40.69738006591797
A665,-73.9418716430664,40.8383903503418
A666,-73.99629211425781,40.732383728027344
A667,-73.99285888671875,40.7568473815918
A668,-73.98942565917967,40.748043060302734
A669,-74.00594329833984,40.73570251464844
A670,-74.0020751953125,40.734912872314446
A671,-73.99074554443358,40.72818756103516
A672,-73.98258209228516,40.7677001953125
A673,-74.00753784179686,40.72579193115234
A674,-73.99230194091797,40.747661590576165
A675,-73.97238922119139,40.75944900512695
A676,-73.96503448486328,40.75939178466797
A677,-73.99012756347656,40.72004699707031
A678,-73.99416351318358,40.746196746826165
A679,-73.97477722167967,40.759368896484375
A680,-73.9866943359375,40.73003768920898
A681,-73.98899841308595,40.75836944580078
A682,-73.98899841308595,40.75338745117188
A683,-73.97423553466798,40.76354217529297
A684,-73.97242736816406,40.793983459472656
A685,-73.96681976318358,40.756591796875
A686,-73.9886703491211,40.764041900634766
A687,-74.00245666503906,40.7265510559082
A688,-74.00814056396483,40.71692657470703
A689,-73.98113250732422,40.73383331298828
A690,-73.9761962890625,40.75115966796875
A691,-73.96844482421875,40.76232147216797
A692,-73.87096405029298,40.77378845214844
A693,-73.98356628417967,40.74707794189453
A694,-73.98770141601561,40.74074172973633
A695,-73.96134948730467,40.762603759765625
A696,-73.95677185058595,40.786651611328125
A697,-73.95591735839844,40.77218246459961
A698,-73.98214721679686,40.75991439819336
A699,-73.99134063720702,40.74478149414063
A700,-73.97486877441406,40.7572021484375
A701,-73.98880004882812,40.73670959472656
A702,-73.98065185546875,40.748291015625
A703,-73.99566650390625,40.72342300415039
A704,-74.00420379638672,40.75186920166016
A1705,-73.9822769165039,40.76416015625
A706,-73.9555435180664,40.77961349487305
A707,-73.9862289428711,40.75217056274414
A708,-73.99066162109375,40.7612419128418
A709,-73.98627471923827,40.76171112060546
A710,-73.9923324584961,40.724807739257805
A711,-73.97134399414062,40.7952537536621
A712,-73.9950942993164,40.74489212036133
A713,-73.98418426513672,40.73219680786133
A714,-73.99275970458984,40.75934600830078
A1688,-73.97885131835938,40.740848541259766
A716,-73.98648071289062,40.76660919189453
A717,-73.87293243408203,40.774261474609375
A718,-73.98858642578125,40.69813537597656
A719,-73.98882293701173,40.758522033691406
A720,-73.95259857177734,40.6700553894043
A721,-73.9920883178711,40.71495056152344
A722,-73.78988647460938,40.64362716674805
A723,-73.98445129394531,40.74267959594727
A724,-73.98321533203125,40.78154754638672
A725,-73.9777603149414,40.74237060546875
A726,-73.8659896850586,40.77170181274414
A727,-73.99019622802734,40.76236343383789
A728,-73.98143768310547,40.78084945678711
A729,-73.9851837158203,40.72343063354492
A730,-73.9940414428711,40.74339294433594
A731,-73.99476623535155,40.75027847290039
A732,-73.98302459716798,40.76660537719727
A733,-73.98773193359375,40.74430847167969
A734,-73.99551391601561,40.71711349487305
A735,-73.99990844726561,40.71819305419922
A736,-73.98782348632812,40.73255157470703
A737,-73.9990005493164,40.72794342041016
A738,-73.97212982177734,40.7632293701172
A739,-73.97463226318358,40.79088973999024
A740,-73.97906494140625,40.740455627441406
A741,-73.98082733154298,40.7451286315918
A742,-73.97752380371094,40.75145721435546
A743,-74.00672912597656,40.7303123474121
A744,-73.98592376708984,40.75776290893555
A745,-73.99152374267578,40.750049591064446
A746,-73.98348236083984,40.72613525390625
A747,-74.0058364868164,40.745471954345696
A748,-73.97178649902342,40.76325988769531
A749,-73.97698974609375,40.76482009887695
A750,-73.98397827148438,40.74238967895508
A751,-73.99465179443358,40.71044158935546
A752,-73.9915771484375,40.726875305175774
A753,-73.9883270263672,40.731231689453125
A754,-74.00263214111328,40.7218132019043
A755,-73.99253845214845,40.769020080566406
A756,-73.97083282470702,40.75164794921875
A757,-74.00498962402342,40.71894454956056
A758,-73.99669647216798,40.75275039672852
A759,-73.98707580566406,40.7642936706543
A760,-73.95146942138672,40.775196075439446
A761,-73.97747039794923,40.726028442382805
A762,-73.98750305175781,40.7552490234375
A763,-73.95771789550781,40.71596908569336
A764,-73.95589447021484,40.77986526489258
A765,-73.95012664794923,40.771968841552734
A766,-73.95601654052734,40.77608871459961
A767,-73.98372650146483,40.725860595703125
A768,-74.00170135498048,40.756362915039055
A769,-73.98486328125,40.73250198364258
A770,-73.95718383789062,40.772579193115234
A771,-73.97072601318358,40.75607681274414
A772,-73.98213195800781,40.77130126953125
A773,-73.79122924804686,40.64596557617188
A774,-73.94876098632812,40.81351089477539
A775,-74.0045166015625,40.73772048950195
A776,-73.78999328613281,40.64699172973633
A777,-73.98203277587889,40.75237274169922
A778,-73.99660491943358,40.7534294128418
A779,-74.01009368896483,40.7187385559082
A780,-73.9927978515625,40.7524871826172
A781,-73.98727416992188,40.76024627685546
A782,-73.99358367919923,40.762222290039055
A783,-73.98171997070312,40.764591217041016
A784,-73.94813537597656,40.711231231689446
A785,-73.96823120117188,40.755409240722656
A786,-73.96705627441406,40.709819793701165
A787,-73.95675659179686,40.771610260009766
A788,-73.98056793212889,40.76471710205078
A789,-73.98269653320312,40.7310905456543
A790,-74.00110626220702,40.73672103881836
A791,-73.9846420288086,40.74266052246094
A792,-74.00555419921875,40.7406120300293
A793,-73.9832534790039,40.72223281860352
A794,-73.97037506103516,40.75621032714844
A795,-73.96949005126953,40.7574462890625
A796,-73.87110137939453,40.77389144897461
A797,-74.00867462158203,40.7420654296875
A798,-73.98789215087889,40.743873596191406
A799,-74.01042938232422,40.71046829223633
A800,-74.0011978149414,40.73659896850586
A801,-73.98387145996092,40.72932052612305
A802,-73.96426391601561,40.760772705078125
A803,-73.95238494873048,40.77717208862305
A804,-73.97344970703125,40.75276184082031
A805,-73.98834991455078,40.75925827026367
A806,-73.97848510742188,40.75915145874024
A807,-73.99210357666014,40.72576141357422
A808,-73.95368957519531,40.77518844604492
A809,-73.98834991455078,40.745880126953125
A810,-74.00585174560547,40.74021911621094
A811,-73.87269592285155,40.774192810058594
A812,-73.97327423095702,40.7526969909668
A813,-73.98368072509764,40.743900299072266
A814,-73.97586059570312,40.75191879272461
A815,-73.98819732666014,40.72016143798828
A816,-73.98145294189453,40.76875686645508
A817,-73.95687866210938,40.77235794067384
A818,-73.97286224365233,40.74847412109375
A819,-73.97592163085938,40.743900299072266
A820,-73.98654174804686,40.72219467163086
A821,-73.97483825683594,40.79072189331056
A822,-73.98809814453125,40.76409912109375
A823,-73.99647521972656,40.723731994628906
A824,-73.99432373046875,40.73555374145508
A825,-73.98248291015625,40.756717681884766
A826,-73.9925765991211,40.74535751342773
A827,-73.9910888671875,40.76057052612305
A828,-73.97189331054686,40.75136184692384
A829,-73.99478912353516,40.750347137451165
A830,-73.97761535644531,40.784217834472656
A831,-73.95230865478516,40.777000427246094
A832,-73.9871826171875,40.72182083129882
A833,-73.99797821044923,40.714454650878906
A834,-73.99101257324217,40.7510986328125
A835,-73.99149322509764,40.75014877319336
A836,-73.98759460449217,40.72128677368164
A837,-74.00565338134764,40.73761367797852
A838,-73.92970275878906,40.74517822265625
A839,-73.98204803466798,40.775100708007805
A840,-74.00831604003906,40.74044036865234
A841,-73.99259185791014,40.73067855834961
A842,-73.99285888671875,40.72441101074219
A843,-73.99472045898438,40.690338134765625
A844,-73.99152374267578,40.72965240478516
A845,-73.98944854736328,40.73004150390625
A846,-73.96583557128906,40.71356964111328
A847,-73.91988372802734,40.75931930541992
A848,-73.98182678222656,40.77822494506836
A849,-73.99209594726561,40.725940704345696
A850,-73.95907592773438,40.80955123901367
A851,-73.98836517333984,40.76412963867188
A852,-73.9871597290039,40.729400634765625
A853,-74.00916290283203,40.72597885131836
A854,-73.95658111572266,40.77138519287109
A855,-73.98062896728516,40.74764251708984
A856,-74.00511169433594,40.71955490112305
A857,-73.98410034179686,40.75558090209961
A858,-73.99608612060547,40.72415542602539
A859,-73.98707580566406,40.72508239746094
A860,-73.99038696289062,40.760841369628906
A861,-73.97400665283203,40.7519416809082
A862,-73.9822540283203,40.76858139038086
A863,-74.00001525878906,40.730571746826165
A864,-73.95536804199219,40.690860748291016
A865,-73.97757720947266,40.76594543457031
A866,-73.99732208251953,40.72187042236328
A867,-73.97870635986328,40.77824020385742
A868,-73.88526916503906,40.77304458618164
A869,-73.99468994140625,40.75017547607422
A870,-73.9552993774414,40.76393127441406
A871,-73.99226379394531,40.71522521972656
A872,-73.98899841308595,40.74385452270508
A873,-73.7766876220703,40.6453514099121
A874,-73.97135162353516,40.75126647949219
A875,-73.96666717529298,40.804492950439446
A876,-73.9886016845703,40.74889755249024
A877,-74.00126647949219,40.73645782470703
A878,-73.93052673339844,40.80862808227539
A879,-73.98908233642578,40.716827392578125
A880,-73.9992446899414,40.744171142578125
A881,-73.97705841064453,40.7412338256836
A882,-73.9851837158203,40.75979232788086
A883,-73.99160766601561,40.72683334350586
A884,-73.96118927001953,40.8118553161621
A885,-73.99469757080078,40.69487762451172
A886,-73.991943359375,40.73786926269531
A887,-73.9941177368164,40.74114990234375
A888,-73.9356689453125,40.79556655883789
A889,-73.99391174316406,40.74121856689453
A890,-73.99346923828125,40.76047134399414
A891,-74.00135040283203,40.7360954284668
A892,-74.001953125,40.729976654052734
A893,-73.99991607666014,40.726856231689446
A894,-73.9876937866211,40.74398040771485
A895,-73.99317169189453,40.72014999389648
A896,-73.98820495605469,40.75919723510742
A897,-73.98299407958984,40.73054122924805
A898,-73.98480987548828,40.736377716064446
A899,-73.99137115478516,40.750164031982415
A900,-73.99083709716798,40.76082229614258
A901,-73.95075225830078,40.77660369873047
A902,-73.96757507324217,40.75635147094727
A903,-73.9881591796875,40.75698471069336
A904,-73.86176300048828,40.76680374145508
A905,-73.99205017089844,40.7258415222168
A906,-73.98589324951173,40.72684860229492
A907,-73.96247100830078,40.7589111328125
A908,-73.9851837158203,40.76384735107422
A909,-73.79019165039062,40.64680862426758
A910,-73.8728256225586,40.77411651611328
A911,-73.99565887451173,40.72663879394531
A912,-73.97125244140625,40.75820159912109
A913,-73.8738021850586,40.773807525634766
A914,-73.97982788085938,40.75537872314453
A915,-73.9541015625,40.788101196289055
A916,-73.98587036132812,40.75773620605469
A917,-73.95423126220702,40.76406478881836
A918,-73.96981048583984,40.75722885131836
A919,-73.9612808227539,40.806251525878906
A920,-73.9812774658203,40.78097152709961
A921,-73.9544906616211,40.7779426574707
A922,-73.99932098388672,40.72826385498047
A923,-74.00593566894531,40.73593521118164
A924,-74.00723266601561,40.72822952270508
A925,-73.97657775878906,40.76519775390625
A926,-73.95699310302734,40.76641082763672
A927,-73.95368957519531,40.7440185546875
A928,-74.01348114013672,40.708641052246094
A929,-73.98845672607422,40.74861526489258
A930,-73.9950180053711,40.7280158996582
A931,-73.86590576171875,40.77143478393555
A932,-73.98897552490233,40.721588134765625
A933,-73.97332763671875,40.756324768066406
A934,-73.98641204833984,40.72238159179688
A935,-73.98773956298828,40.73810958862305
A936,-73.96379089355469,40.797977447509766
A937,-73.9808349609375,40.75043487548828
A938,-73.87097930908203,40.77381896972656
A939,-73.9994125366211,40.726806640625
A940,-73.98737335205078,40.72897720336913
A941,-73.98716735839844,40.738895416259766
A942,-73.97209930419923,40.786670684814446
A943,-74.0006332397461,40.73080825805664
A944,-73.7766876220703,40.64523696899414
A945,-74.005859375,40.720191955566406
A946,-73.98963928222656,40.76046752929688
A947,-73.97799682617188,40.74177169799805
A948,-73.97725677490233,40.74296188354492
A949,-73.99270629882812,40.7240104675293
A950,-73.99657440185547,40.76333999633789
A951,-73.97578430175781,40.758819580078125
A952,-74.00299072265625,40.71818542480469
A953,-73.98284912109375,40.769241333007805
A954,-73.9822006225586,40.774429321289055
A955,-74.0011215209961,40.731388092041016
A956,-73.98704528808595,40.72250747680664
A957,-73.9729766845703,40.74898910522461
A958,-73.98960876464844,40.73981857299805
A959,-73.96131134033203,40.760589599609375
A960,-74.00475311279298,40.74179458618164
A961,-73.98584747314453,40.72285842895508
A962,-73.95669555664062,40.73356628417969
A963,-73.9865493774414,40.76678085327149
A964,-73.96240234375,40.68059158325195
A965,-73.95466613769531,40.786426544189446
A966,-73.94905853271484,40.78165817260742
A967,-73.95370483398438,40.77520751953125
A968,-73.9920883178711,40.753902435302734
A969,-73.99674987792967,40.7425537109375
A970,-73.99131011962889,40.723899841308594
A971,-73.98066711425781,40.74681854248047
A972,-74.00836181640625,40.72591018676758
A973,-73.99308013916014,40.7415771484375
A974,-74.00166320800781,40.73076629638672
A975,-73.99273681640625,40.747928619384766
A976,-73.9854736328125,40.76327896118164
A977,-73.9918441772461,40.74542236328125
A978,-73.97512817382812,40.75239944458008
A979,-73.9783477783203,40.76673126220703
A980,-73.985595703125,40.74411010742188
A981,-74.00141143798828,40.735939025878906
A982,-74.01056671142578,40.701908111572266
A983,-73.9756317138672,40.74435043334961
A984,-73.98648071289062,40.74604415893555
A985,-74.00736236572266,40.733009338378906
A986,-73.98570251464844,40.719287872314446
A987,-73.95863342285155,40.76873016357422
A988,-73.98921203613281,40.73664474487305
A989,-73.94794464111328,40.774707794189446
A990,-73.9835205078125,40.72291946411133
A991,-73.98792266845702,40.7377815246582
A992,-73.95274353027344,40.798439025878906
A993,-74.00047302246092,40.72875595092773
A994,-73.99352264404298,40.7457160949707
A995,-74.01404571533203,40.70806503295898
A996,-73.9825668334961,40.7304801940918
A997,-73.96381378173827,40.765380859375
A998,-73.99101257324217,40.716590881347656
A999,-73.98104095458984,40.78450012207031
