distance,twoPs
123,A0_A1
234,A0_A2
8760,A0_A3
7781,A0_A4
11639,A0_A5
9951,A0_A6
9238,A0_A7
8919,A0_A8
11849,A0_A9
11381,A0_A10
11442,A0_A11
7733,A0_A12
16026,A0_A13
610,A0_A14
8592,A0_A15
11526,A0_A16
11487,A0_A17
11811,A0_A18
11388,A0_A19
10909,A0_A20
8951,A0_A21
10220,A0_A22
3895,A0_A23
10113,A0_A24
9260,A0_A25
8752,A0_A26
10080,A0_A27
8770,A0_A28
11248,A0_A29
9565,A0_A30
11171,A0_A31
10672,A0_A32
10651,A0_A33
10105,A0_A34
8827,A0_A35
11723,A0_A36
10863,A0_A37
5938,A0_A38
15775,A0_A39
9965,A0_A40
11396,A0_A41
11572,A0_A42
11238,A0_A43
9724,A0_A44
10485,A0_A45
9090,A0_A46
16178,A0_A47
11240,A0_A48
8631,A0_A49
523,A0_A50
13082,A0_A51
10123,A0_A52
8602,A0_A53
7522,A0_A54
9307,A0_A55
7939,A0_A56
8519,A0_A57
9341,A0_A58
11711,A0_A59
8645,A0_A60
11949,A0_A61
13039,A0_A62
9320,A0_A63
10493,A0_A64
9503,A0_A65
9688,A0_A66
9497,A0_A67
16024,A0_A68
11380,A0_A69
9624,A0_A70
9662,A0_A71
6159,A0_A72
7887,A0_A73
11031,A0_A74
9435,A0_A75
9337,A0_A76
16022,A0_A77
12160,A0_A78
10869,A0_A79
8081,A0_A80
7225,A0_A81
9587,A0_A82
10331,A0_A83
7176,A0_A84
8733,A0_A85
11290,A0_A86
11409,A0_A87
9682,A0_A88
9831,A0_A89
9086,A0_A90
10673,A0_A91
7188,A0_A92
6788,A0_A93
8344,A0_A94
10413,A0_A95
8925,A0_A96
10385,A0_A97
10247,A0_A98
10157,A0_A99
9363,A0_A100
0,A1_A1
6845,A1_A2
1410,A1_A3
2561,A1_A4
2598,A1_A5
4220,A1_A6
2589,A1_A7
2769,A1_A8
1890,A1_A9
1682,A1_A10
1609,A1_A11
3151,A1_A12
20877,A1_A13
10636,A1_A14
2444,A1_A15
2102,A1_A16
1669,A1_A17
1735,A1_A18
1319,A1_A19
1896,A1_A20
1295,A1_A21
970,A1_A22
7529,A1_A23
1041,A1_A24
1495,A1_A25
7283,A1_A26
403,A1_A27
3592,A1_A28
1543,A1_A29
4744,A1_A30
2916,A1_A31
2539,A1_A32
750,A1_A33
12,A1_A34
1840,A1_A35
2210,A1_A36
2737,A1_A37
5302,A1_A38
20325,A1_A39
1964,A1_A40
1562,A1_A41
1479,A1_A42
3170,A1_A43
1304,A1_A44
390,A1_A45
2097,A1_A46
21196,A1_A47
3171,A1_A48
3316,A1_A49
10463,A1_A50
3807,A1_A51
1252,A1_A52
10418,A1_A53
2838,A1_A54
2020,A1_A55
2255,A1_A56
1594,A1_A57
841,A1_A58
1810,A1_A59
4703,A1_A60
3236,A1_A61
4122,A1_A62
3016,A1_A63
862,A1_A64
596,A1_A65
1328,A1_A66
648,A1_A67
20877,A1_A68
1984,A1_A69
1474,A1_A70
1846,A1_A71
9963,A1_A72
2356,A1_A73
2721,A1_A74
1351,A1_A75
2028,A1_A76
20862,A1_A77
3476,A1_A78
2859,A1_A79
2446,A1_A80
3819,A1_A81
1179,A1_A82
1450,A1_A83
3689,A1_A84
1483,A1_A85
2777,A1_A86
1341,A1_A87
604,A1_A88
425,A1_A89
1379,A1_A90
610,A1_A91
4946,A1_A92
4084,A1_A93
1910,A1_A94
2292,A1_A95
3918,A1_A96
1199,A1_A97
1354,A1_A98
365,A1_A99
1132,A1_A100
0,A2_A2
5608,A2_A3
4812,A2_A4
8197,A2_A5
6534,A2_A6
6520,A2_A7
6244,A2_A8
8505,A2_A9
8003,A2_A10
8082,A2_A11
5044,A2_A12
16233,A2_A13
4063,A2_A14
5785,A2_A15
8114,A2_A16
8123,A2_A17
8516,A2_A18
8162,A2_A19
7484,A2_A20
5823,A2_A21
6853,A2_A22
1544,A2_A23
6738,A2_A24
6252,A2_A25
5930,A2_A26
6775,A2_A27
6353,A2_A28
7875,A2_A29
6203,A2_A30
7708,A2_A31
7214,A2_A32
7332,A2_A33
6854,A2_A34
5858,A2_A35
8315,A2_A36
7401,A2_A37
4031,A2_A38
15838,A2_A39
6523,A2_A40
8038,A2_A41
8298,A2_A42
7774,A2_A43
6700,A2_A44
7233,A2_A45
6229,A2_A46
16465,A2_A47
7776,A2_A48
6119,A2_A49
3927,A2_A50
9634,A2_A51
6730,A2_A52
8915,A2_A53
4596,A2_A54
6438,A2_A55
4857,A2_A56
5333,A2_A57
6046,A2_A58
8358,A2_A59
6620,A2_A60
8489,A2_A61
9578,A2_A62
6724,A2_A63
7146,A2_A64
6249,A2_A65
6669,A2_A66
6217,A2_A67
16231,A2_A68
7969,A2_A69
6635,A2_A70
6759,A2_A71
6933,A2_A72
4845,A2_A73
7572,A2_A74
6407,A2_A75
6471,A2_A76
16224,A2_A77
8699,A2_A78
7405,A2_A79
5168,A2_A80
4738,A2_A81
6210,A2_A82
7323,A2_A83
4607,A2_A84
5608,A2_A85
7832,A2_A86
8184,A2_A87
6375,A2_A88
6635,A2_A89
5722,A2_A90
7445,A2_A91
5260,A2_A92
4326,A2_A93
5269,A2_A94
6960,A2_A95
6616,A2_A96
7000,A2_A97
6846,A2_A98
6961,A2_A99
6007,A2_A100
0,A3_A3
1161,A3_A4
3767,A3_A5
4525,A3_A6
1907,A3_A7
1920,A3_A8
3295,A3_A9
3014,A3_A10
2981,A3_A11
1859,A3_A12
20334,A3_A13
9287,A3_A14
1391,A3_A15
3364,A3_A16
3038,A3_A17
3137,A3_A18
2639,A3_A19
2979,A3_A20
237,A3_A21
1988,A3_A22
6454,A3_A23
1962,A3_A24
880,A3_A25
7054,A3_A26
1557,A3_A27
2694,A3_A28
2871,A3_A29
4884,A3_A30
3845,A3_A31
3361,A3_A32
2109,A3_A33
1421,A3_A34
823,A3_A35
3508,A3_A36
3591,A3_A37
3923,A3_A38
19815,A3_A39
2571,A3_A40
2933,A3_A41
2869,A3_A42
4068,A3_A43
1204,A3_A44
1784,A3_A45
1329,A3_A46
20635,A3_A47
4069,A3_A48
2362,A3_A49
9110,A3_A50
5101,A3_A51
2115,A3_A52
9255,A3_A53
1434,A3_A54
1411,A3_A55
848,A3_A56
308,A3_A57
975,A3_A58
3203,A3_A59
3762,A3_A60
4350,A3_A61
5341,A3_A62
2352,A3_A63
2092,A3_A64
897,A3_A65
1184,A3_A66
995,A3_A67
20334,A3_A68
3229,A3_A69
1219,A3_A70
1526,A3_A71
8637,A3_A72
947,A3_A73
3643,A3_A74
945,A3_A75
1440,A3_A76
20321,A3_A77
4599,A3_A78
3690,A3_A79
1119,A3_A80
2495,A3_A81
1652,A3_A82
1799,A3_A83
2340,A3_A84
129,A3_A85
3780,A3_A86
2659,A3_A87
1256,A3_A88
1080,A3_A89
1344,A3_A90
1934,A3_A91
3706,A3_A92
2714,A3_A93
513,A3_A94
3056,A3_A95
3071,A3_A96
2240,A3_A97
2264,A3_A98
1403,A3_A99
1378,A3_A100
0,A4_A4
4889,A4_A5
5231,A4_A6
1825,A4_A7
1636,A4_A8
4450,A4_A9
4174,A4_A10
4142,A4_A11
876,A4_A12
20156,A4_A13
8286,A4_A14
1060,A4_A15
4512,A4_A16
4200,A4_A17
4270,A4_A18
3726,A4_A19
4091,A4_A20
1272,A4_A21
3119,A4_A22
5858,A4_A23
3077,A4_A24
1480,A4_A25
7281,A4_A26
2717,A4_A27
2159,A4_A28
4030,A4_A29
5466,A4_A30
4886,A4_A31
4377,A4_A32
3270,A4_A33
2572,A4_A34
1056,A4_A35
4662,A4_A36
4611,A4_A37
2766,A4_A38
19667,A4_A39
3552,A4_A40
4094,A4_A41
3993,A4_A42
5091,A4_A43
1943,A4_A44
2923,A4_A45
1431,A4_A46
20439,A4_A47
5092,A4_A48
1817,A4_A49
8103,A4_A50
6249,A4_A51
3208,A4_A52
8232,A4_A53
279,A4_A54
1633,A4_A55
424,A4_A56
1087,A4_A57
2084,A4_A58
4363,A4_A59
3060,A4_A60
5448,A4_A61
6467,A4_A62
2157,A4_A63
3248,A4_A64
2056,A4_A65
1907,A4_A66
2141,A4_A67
20155,A4_A68
4374,A4_A69
1849,A4_A70
1947,A4_A71
7500,A4_A72
269,A4_A73
4686,A4_A74
1654,A4_A75
1667,A4_A76
20143,A4_A77
5697,A4_A78
4697,A4_A79
383,A4_A80
1404,A4_A81
2694,A4_A82
2554,A4_A83
1221,A4_A84
1078,A4_A85
4850,A4_A86
3745,A4_A87
2396,A4_A88
2197,A4_A89
2275,A4_A90
3046,A4_A91
2674,A4_A92
1566,A4_A93
651,A4_A94
4063,A4_A95
2538,A4_A96
3364,A4_A97
3359,A4_A98
2502,A4_A99
2405,A4_A100
0,A5_A5
2999,A5_A6
5183,A5_A7
5366,A5_A8
1522,A5_A9
1089,A5_A10
1297,A5_A11
5623,A5_A12
20249,A5_A13
12222,A5_A14
5010,A5_A15
593,A5_A16
1251,A5_A17
1993,A5_A18
2511,A5_A19
803,A5_A20
3750,A5_A21
1779,A5_A22
8435,A5_A23
1811,A5_A24
4086,A5_A25
6524,A5_A26
2276,A5_A27
6189,A5_A28
1173,A5_A29
3700,A5_A30
856,A5_A31
1092,A5_A32
1887,A5_A33
2587,A5_A34
4392,A5_A35
654,A5_A36
1017,A5_A37
7638,A5_A38
19641,A5_A39
1674,A5_A40
1317,A5_A41
2140,A5_A42
1056,A5_A43
3887,A5_A44
2430,A5_A45
4693,A5_A46
20600,A5_A47
1055,A5_A48
5910,A5_A49
12069,A5_A50
1452,A5_A51
1691,A5_A52
12986,A5_A53
5140,A5_A54
4617,A5_A55
4497,A5_A56
3802,A5_A57
2806,A5_A58
1380,A5_A59
7301,A5_A60
656,A5_A61
1578,A5_A62
5602,A5_A63
1742,A5_A64
2894,A5_A65
3914,A5_A66
2773,A5_A67
20249,A5_A68
651,A5_A69
4062,A5_A70
4420,A5_A71
12389,A5_A72
4636,A5_A73
827,A5_A74
3948,A5_A75
4624,A5_A76
20231,A5_A77
884,A5_A78
1105,A5_A79
4885,A5_A80
6261,A5_A81
2239,A5_A82
3865,A5_A83
6099,A5_A84
3879,A5_A85
598,A5_A86
2521,A5_A87
2512,A5_A88
3019,A5_A89
2732,A5_A90
2548,A5_A91
7463,A5_A92
6454,A5_A93
4268,A5_A94
1266,A5_A95
6515,A5_A96
1527,A5_A97
1541,A5_A98
2888,A5_A99
2522,A5_A100
0,A6_A6
6413,A6_A7
6445,A6_A8
4320,A6_A9
3708,A6_A10
3925,A6_A11
6106,A6_A12
17254,A6_A13
10559,A6_A14
5899,A6_A15
3389,A6_A16
3914,A6_A17
4697,A6_A18
4946,A6_A19
2872,A6_A20
4666,A6_A21
3316,A6_A22
6285,A6_A23
3209,A6_A24
5280,A6_A25
3526,A6_A26
3825,A6_A27
7206,A6_A28
3686,A6_A29
705,A6_A30
2149,A6_A31
2038,A6_A32
3905,A6_A33
4215,A6_A34
5347,A6_A35
3556,A6_A36
2009,A6_A37
7515,A6_A38
16650,A6_A39
2268,A6_A40
3914,A6_A41
4713,A6_A42
2005,A6_A43
5349,A6_A44
4340,A6_A45
5833,A6_A46
17603,A6_A47
2006,A6_A48
6865,A6_A49
10437,A6_A50
3998,A6_A51
3005,A6_A52
13318,A6_A53
5373,A6_A54
5872,A6_A55
4817,A6_A56
4348,A6_A57
3743,A6_A58
4141,A6_A59
8235,A6_A60
2813,A6_A61
3655,A6_A62
6864,A6_A63
3596,A6_A64
4049,A6_A65
5356,A6_A66
3876,A6_A67
17254,A6_A68
3322,A6_A69
5472,A6_A70
5857,A6_A71
12171,A6_A72
4970,A6_A73
2183,A6_A74
5239,A6_A75
5894,A6_A76
17237,A6_A77
2900,A6_A78
1902,A6_A79
5440,A6_A80
6565,A6_A81
3093,A6_A82
5657,A6_A83
6351,A6_A84
4652,A6_A85
2403,A6_A86
4965,A6_A87
3711,A6_A88
4485,A6_A89
3202,A6_A90
4583,A6_A91
7846,A6_A92
6560,A6_A93
4845,A6_A94
2105,A6_A95
7587,A6_A96
3171,A6_A97
2948,A6_A98
4583,A6_A99
3272,A6_A100
0,A7_A7
334,A7_A8
4221,A7_A9
4206,A7_A10
4081,A7_A11
1512,A7_A12
21969,A7_A13
9694,A7_A14
766,A7_A15
4664,A7_A16
4142,A7_A17
3867,A7_A18
3183,A7_A19
4480,A7_A20
1747,A7_A21
3508,A7_A22
7653,A7_A23
3540,A7_A24
1158,A7_A25
8908,A7_A26
2946,A7_A27
1038,A7_A28
4079,A7_A29
6790,A7_A30
5474,A7_A31
5048,A7_A32
3304,A7_A33
2600,A7_A34
1094,A7_A35
4748,A7_A36
5264,A7_A37
3543,A7_A38
21474,A7_A39
4336,A7_A40
4040,A7_A41
3571,A7_A42
5720,A7_A43
1301,A7_A44
2777,A7_A45
580,A7_A46
22255,A7_A47
5721,A7_A48
848,A7_A49
9503,A7_A50
6311,A7_A51
3736,A7_A52
7930,A7_A53
1970,A7_A54
574,A7_A55
2014,A7_A56
2142,A7_A57
2706,A7_A58
4207,A7_A59
2134,A7_A60
5825,A7_A61
6680,A7_A62
452,A7_A63
3451,A7_A64
2450,A7_A65
1272,A7_A66
2618,A7_A67
21968,A7_A68
4557,A7_A69
1123,A7_A70
799,A7_A71
7767,A7_A72
1928,A7_A73
5273,A7_A74
1255,A7_A75
562,A7_A76
21956,A7_A77
6064,A7_A78
5378,A7_A79
1443,A7_A80
2042,A7_A81
3405,A7_A82
1557,A7_A83
2064,A7_A84
1787,A7_A85
5354,A7_A86
3192,A7_A87
2845,A7_A88
2177,A7_A89
3211,A7_A90
2734,A7_A91
2723,A7_A92
2467,A7_A93
1742,A7_A94
4767,A7_A95
1334,A7_A96
3758,A7_A97
3867,A7_A98
2301,A7_A99
3172,A7_A100
0,A8_A8
4467,A8_A9
4417,A8_A10
4304,A8_A11
1209,A8_A12
21791,A8_A13
9371,A8_A14
601,A8_A15
4863,A8_A16
4365,A8_A17
4131,A8_A18
3456,A8_A19
4641,A8_A20
1794,A8_A21
3654,A8_A22
7408,A8_A23
3675,A8_A24
1286,A8_A25
8828,A8_A26
3104,A8_A27
825,A8_A28
4287,A8_A29
6792,A8_A30
5612,A8_A31
5169,A8_A32
3501,A8_A33
2780,A8_A34
1100,A8_A35
4957,A8_A36
5390,A8_A37
3209,A8_A38
21303,A8_A39
4429,A8_A40
4261,A8_A41
3834,A8_A42
5853,A8_A43
1520,A8_A44
2989,A8_A45
675,A8_A46
22073,A8_A47
5854,A8_A48
563,A8_A49
9180,A8_A50
6534,A8_A51
3864,A8_A52
7685,A8_A53
1744,A8_A54
767,A8_A55
1882,A8_A56
2118,A8_A57
2791,A8_A58
4444,A8_A59
1936,A8_A60
6000,A8_A61
6883,A8_A62
522,A8_A63
3625,A8_A64
2564,A8_A65
1487,A8_A66
2724,A8_A67
21790,A8_A68
4750,A8_A69
1340,A8_A70
1070,A8_A71
7462,A8_A72
1777,A8_A73
5410,A8_A74
1418,A8_A75
770,A8_A76
21778,A8_A77
6242,A8_A78
5500,A8_A79
1262,A8_A80
1713,A8_A81
3495,A8_A82
1851,A8_A83
1743,A8_A84
1793,A8_A85
5505,A8_A86
3467,A8_A87
2964,A8_A88
2347,A8_A89
3256,A8_A90
2968,A8_A91
2407,A8_A92
2141,A8_A93
1668,A8_A94
4879,A8_A95
1174,A8_A96
3908,A8_A97
4000,A8_A98
2506,A8_A99
3247,A8_A100
0,A9_A9
630,A9_A10
454,A9_A11
5019,A9_A12
21534,A9_A13
12405,A9_A14
4253,A9_A15
968,A9_A16
437,A9_A17
488,A9_A18
1132,A9_A19
1464,A9_A20
3185,A9_A21
1662,A9_A22
9000,A9_A23
1786,A9_A24
3282,A9_A25
7784,A9_A26
1789,A9_A27
5258,A9_A28
703,A9_A29
4990,A9_A30
2300,A9_A31
2282,A9_A32
1211,A9_A33
1879,A9_A34
3681,A9_A35
868,A9_A36
2335,A9_A37
7189,A9_A38
20942,A9_A39
2360,A9_A40
489,A9_A41
713,A9_A42
2537,A9_A43
2950,A9_A44
1546,A9_A45
3832,A9_A46
21875,A9_A47
2538,A9_A48
5030,A9_A49
12238,A9_A50
2145,A9_A51
1843,A9_A52
12149,A9_A53
4727,A9_A54
3701,A9_A55
4133,A9_A56
3451,A9_A57
2522,A9_A58
183,A9_A59
6347,A9_A60
2112,A9_A61
2614,A9_A62
4587,A9_A63
1360,A9_A64
2424,A9_A65
2985,A9_A66
2388,A9_A67
21534,A9_A68
1005,A9_A69
3129,A9_A70
3421,A9_A71
11819,A9_A72
4241,A9_A73
2191,A9_A74
3108,A9_A75
3697,A9_A76
21517,A9_A77
2279,A9_A78
2457,A9_A79
4329,A9_A80
5691,A9_A81
2309,A9_A82
2724,A9_A83
5570,A9_A84
3373,A9_A85
2050,A9_A86
1133,A9_A87
2178,A9_A88
2278,A9_A89
2784,A9_A90
1504,A9_A91
6772,A9_A92
5971,A9_A93
3800,A9_A94
2259,A9_A95
5536,A9_A96
1561,A9_A97
1767,A9_A98
2016,A9_A99
2499,A9_A100
0,A10_A10
227,A10_A11
4822,A10_A12
20907,A10_A13
11947,A10_A14
4124,A10_A15
499,A10_A16
206,A10_A17
997,A10_A18
1428,A10_A19
839,A10_A20
2945,A10_A21
1164,A10_A22
8440,A10_A23
1269,A10_A24
3166,A10_A25
7158,A10_A26
1457,A10_A27
5232,A10_A28
144,A10_A29
4371,A10_A30
1757,A10_A31
1674,A10_A32
932,A10_A33
1670,A10_A34
3521,A10_A35
542,A10_A36
1750,A10_A37
6938,A10_A38
20317,A10_A39
1737,A10_A40
233,A10_A41
1079,A10_A42
2009,A10_A43
2906,A10_A44
1429,A10_A45
3755,A10_A46
21247,A10_A47
2009,A10_A48
4973,A10_A49
11783,A10_A50
2126,A10_A51
1282,A10_A52
12090,A10_A53
4443,A10_A54
3654,A10_A55
3821,A10_A56
3122,A10_A57
2140,A10_A58
447,A10_A59
6338,A10_A60
1738,A10_A61
2475,A10_A62
4607,A10_A63
935,A10_A64
2118,A10_A65
2937,A10_A66
2043,A10_A67
20907,A10_A68
456,A10_A69
3085,A10_A70
3422,A10_A71
11633,A10_A72
3944,A10_A73
1623,A10_A74
3009,A10_A75
3657,A10_A76
20890,A10_A77
1948,A10_A78
1876,A10_A79
4103,A10_A80
5484,A10_A81
1796,A10_A82
2813,A10_A83
5344,A10_A84
3109,A10_A85
1524,A10_A86
1439,A10_A87
1800,A10_A88
2104,A10_A89
2295,A10_A90
1499,A10_A91
6628,A10_A92
5727,A10_A93
3527,A10_A94
1632,A10_A95
5539,A10_A96
1005,A10_A97
1184,A10_A98
1911,A10_A99
2022,A10_A100
0,A11_A11
4760,A11_A12
21111,A11_A13
12003,A11_A14
4036,A11_A15
704,A11_A16
61,A11_A17
774,A11_A18
1214,A11_A19
1054,A11_A20
2895,A11_A21
1230,A11_A22
8555,A11_A23
1349,A11_A24
3071,A11_A25
7364,A11_A26
1435,A11_A27
5112,A11_A28
254,A11_A29
4584,A11_A30
1983,A11_A31
1894,A11_A32
873,A11_A33
1597,A11_A34
3443,A11_A35
702,A11_A36
1975,A11_A37
6899,A11_A38
20523,A11_A39
1911,A11_A40
48,A11_A41
855,A11_A42
2234,A11_A43
2786,A11_A44
1318,A11_A45
3649,A11_A46
21451,A11_A47
2235,A11_A48
4863,A11_A49
11837,A11_A50
2231,A11_A51
1394,A11_A52
11986,A11_A53
4415,A11_A54
3537,A11_A55
3803,A11_A56
3110,A11_A57
2148,A11_A58
282,A11_A59
6215,A11_A60
1938,A11_A61
2619,A11_A62
4472,A11_A63
953,A11_A64
2090,A11_A65
2818,A11_A66
2033,A11_A67
21111,A11_A68
679,A11_A69
2966,A11_A70
3290,A11_A71
11572,A11_A72
3920,A11_A73
1849,A11_A74
2907,A11_A75
3538,A11_A76
21095,A11_A77
2140,A11_A78
2102,A11_A79
4051,A11_A80
5427,A11_A81
1875,A11_A82
2654,A11_A83
5294,A11_A84
3069,A11_A85
1749,A11_A86
1225,A11_A87
1804,A11_A88
2023,A11_A89
2362,A11_A90
1353,A11_A91
6549,A11_A92
5684,A11_A93
3492,A11_A94
1840,A11_A95
5411,A11_A96
1112,A11_A97
1314,A11_A98
1803,A11_A99
2080,A11_A100
0,A12_A12
20748,A12_A13
8197,A12_A14
892,A12_A15
5202,A12_A16
4820,A12_A17
4772,A12_A18
4160,A12_A19
4838,A12_A20
1882,A12_A21
3844,A12_A22
6248,A12_A23
3821,A12_A24
1781,A12_A25
8081,A12_A26
3381,A12_A27
1432,A12_A28
4681,A12_A29
6338,A12_A30
5688,A12_A31
5190,A12_A32
3894,A12_A33
3163,A12_A34
1348,A12_A35
5335,A12_A36
5423,A12_A37
2214,A12_A38
20277,A12_A39
4377,A12_A40
4713,A12_A41
4481,A12_A42
5903,A12_A43
2208,A12_A44
3473,A12_A45
1407,A12_A46
21021,A12_A47
5904,A12_A48
1128,A12_A49
8008,A12_A50
6934,A12_A51
3972,A12_A52
7408,A12_A53
785,A12_A54
1619,A12_A55
1292,A12_A56
1881,A12_A57
2832,A12_A58
4954,A12_A59
2211,A12_A60
6208,A12_A61
7195,A12_A62
1680,A12_A63
3924,A12_A64
2734,A12_A65
2170,A12_A66
2850,A12_A67
20747,A12_A68
5071,A12_A69
2060,A12_A70
1986,A12_A71
6812,A12_A72
1137,A12_A73
5486,A12_A74
1968,A12_A75
1644,A12_A76
20736,A12_A77
6457,A12_A78
5515,A12_A79
741,A12_A80
675,A12_A81
3488,A12_A82
2737,A12_A83
598,A12_A84
1744,A12_A85
5634,A12_A86
4176,A12_A87
3111,A12_A88
2744,A12_A89
3104,A12_A90
3542,A12_A91
1850,A12_A92
1023,A12_A93
1374,A12_A94
4880,A12_A95
1784,A12_A96
4097,A12_A97
4122,A12_A98
3007,A12_A99
3203,A12_A100
0,A13_A13
16190,A13_A14
21212,A13_A15
20634,A13_A16
21109,A13_A17
21861,A13_A18
21957,A13_A19
20070,A13_A20
20566,A13_A21
20221,A13_A22
14738,A13_A23
20088,A13_A24
21205,A13_A25
13750,A13_A26
20563,A13_A27
22177,A13_A28
20861,A13_A29
16562,A13_A30
19394,A13_A31
19271,A13_A32
20867,A13_A33
20878,A13_A34
20981,A13_A35
20807,A13_A36
19262,A13_A37
20252,A13_A38
736,A13_A39
19248,A13_A40
21092,A13_A41
21819,A13_A42
19222,A13_A43
21522,A13_A44
21146,A13_A45
21488,A13_A46
426,A13_A47
19223,A13_A48
21873,A13_A49
16314,A13_A50
21039,A13_A51
19927,A13_A52
24559,A13_A53
20060,A13_A54
21647,A13_A55
19963,A13_A56
20032,A13_A57
20105,A13_A58
21351,A13_A59
22697,A13_A60
19975,A13_A61
20544,A13_A62
22312,A13_A63
20557,A13_A64
20436,A13_A65
21507,A13_A66
20299,A13_A67
5,A13_A68
20555,A13_A69
21553,A13_A70
21845,A13_A71
22167,A13_A72
20041,A13_A73
19437,A13_A74
21278,A13_A75
21680,A13_A76
25,A13_A77
19996,A13_A78
19156,A13_A79
20535,A13_A80
20674,A13_A81
19731,A13_A82
22060,A13_A83
20491,A13_A84
20412,A13_A85
19651,A13_A86
21979,A13_A87
20273,A13_A88
20946,A13_A89
19512,A13_A90
21413,A13_A91
21437,A13_A92
20325,A13_A93
20286,A13_A94
19275,A13_A95
22509,A13_A96
20170,A13_A97
19932,A13_A98
21184,A13_A99
19745,A13_A100
0,A14_A14
9067,A14_A15
12100,A14_A16
12049,A14_A17
12358,A14_A18
11921,A14_A19
11487,A14_A20
9474,A14_A21
10784,A14_A22
4494,A14_A23
10679,A14_A24
9762,A14_A25
9338,A14_A26
10631,A14_A27
9183,A14_A28
11812,A14_A29
10174,A14_A30
11764,A14_A31
11263,A14_A32
11204,A14_A33
10646,A14_A34
9325,A14_A35
12297,A14_A36
11455,A14_A37
6325,A14_A38
15963,A14_A39
10549,A14_A40
11957,A14_A41
12114,A14_A42
11835,A14_A43
10226,A14_A44
11026,A14_A45
9570,A14_A46
16327,A14_A47
11836,A14_A48
9061,A14_A49
198,A14_A50
13668,A14_A51
10694,A14_A52
8566,A14_A53
8022,A14_A54
9786,A14_A55
8460,A14_A56
9054,A14_A57
9893,A14_A58
12271,A14_A59
9000,A14_A60
12540,A14_A61
13632,A14_A62
9756,A14_A63
11052,A14_A64
10046,A14_A65
10190,A14_A66
10044,A14_A67
16187,A14_A68
11954,A14_A69
10121,A14_A70
10145,A14_A71
6091,A14_A72
8402,A14_A73
11623,A14_A74
9939,A14_A75
9815,A14_A76
16187,A14_A77
12753,A14_A78
11463,A14_A79
8575,A14_A80
7666,A14_A81
10155,A14_A82
10828,A14_A83
7630,A14_A84
9256,A14_A85
11880,A14_A86
11942,A14_A87
10234,A14_A88
10362,A14_A89
9652,A14_A90
11209,A14_A91
7551,A14_A92
7232,A14_A93
8861,A14_A94
11001,A14_A95
9321,A14_A96
10954,A14_A97
10819,A14_A98
10688,A14_A99
9926,A14_A100
0,A15_A15
4542,A15_A16
4097,A15_A17
3968,A15_A18
3329,A15_A19
4255,A15_A20
1307,A15_A21
3255,A15_A22
6894,A15_A23
3259,A15_A24
970,A15_A25
8229,A15_A26
2735,A15_A27
1307,A15_A28
3987,A15_A29
6224,A15_A30
5185,A15_A31
4720,A15_A32
3193,A15_A33
2456,A15_A34
621,A15_A35
4655,A15_A36
4946,A15_A37
3086,A15_A38
20720,A15_A39
3950,A15_A40
3991,A15_A41
3673,A15_A42
5418,A15_A43
1352,A15_A44
2722,A15_A45
515,A15_A46
21497,A15_A47
5419,A15_A48
971,A15_A49
8879,A15_A50
6250,A15_A51
3435,A15_A52
7978,A15_A53
1209,A15_A54
727,A15_A55
1282,A15_A56
1553,A15_A57
2321,A15_A58
4206,A15_A59
2374,A15_A60
5627,A15_A61
6559,A15_A62
1113,A15_A63
3274,A15_A64
2137,A15_A65
1314,A15_A66
2284,A15_A67
21211,A15_A68
4419,A15_A69
1191,A15_A70
1094,A15_A71
7574,A15_A72
1181,A15_A73
4982,A15_A74
1147,A15_A75
754,A15_A76
21199,A15_A77
5873,A15_A78
5051,A15_A79
678,A15_A80
1536,A15_A81
3020,A15_A82
1850,A15_A83
1489,A15_A84
1262,A15_A85
5097,A15_A86
3343,A15_A87
2537,A15_A88
2021,A15_A89
2735,A15_A90
2753,A15_A91
2519,A15_A92
1913,A15_A93
1080,A15_A94
4421,A15_A95
1688,A15_A96
3512,A15_A97
3578,A15_A98
2241,A15_A99
2757,A15_A100
0,A16_A16
659,A16_A17
1420,A16_A18
1918,A16_A19
659,A16_A20
3320,A16_A21
1407,A16_A22
8461,A16_A23
1477,A16_A24
3597,A16_A25
6887,A16_A26
1823,A16_A27
5683,A16_A28
598,A16_A29
4073,A16_A30
1331,A16_A31
1364,A16_A32
1362,A16_A33
2090,A16_A34
3930,A16_A35
207,A16_A36
1385,A16_A37
7277,A16_A38
20035,A16_A39
1660,A16_A40
724,A16_A41
1551,A16_A42
1570,A16_A43
3364,A16_A44
1891,A16_A45
4195,A16_A46
20980,A16_A47
1570,A16_A48
5415,A16_A49
11941,A16_A50
1737,A16_A51
1418,A16_A52
12518,A16_A53
4775,A16_A54
4105,A16_A55
4140,A16_A56
3439,A16_A57
2438,A16_A58
810,A16_A59
6792,A16_A60
1239,A16_A61
2021,A16_A62
5073,A16_A63
1279,A16_A64
2472,A16_A65
3393,A16_A66
2372,A16_A67
20634,A16_A68
148,A16_A69
3542,A16_A70
3888,A16_A71
12001,A16_A72
4271,A16_A73
1229,A16_A74
3448,A16_A75
4110,A16_A76
20617,A16_A77
1450,A16_A78
1502,A16_A79
4473,A16_A80
5855,A16_A81
1973,A16_A82
3302,A16_A83
5704,A16_A84
3468,A16_A85
1082,A16_A86
1928,A16_A87
2116,A16_A88
2527,A16_A89
2482,A16_A90
1984,A16_A91
7027,A16_A92
6076,A16_A93
3875,A16_A94
1410,A16_A95
5998,A16_A96
1184,A16_A97
1284,A16_A98
2363,A16_A99
2235,A16_A100
0,A17_A17
793,A17_A18
1261,A17_A19
1045,A17_A20
2954,A17_A21
1271,A17_A22
8588,A17_A23
1387,A17_A24
3132,A17_A25
7361,A17_A26
1491,A17_A27
5174,A17_A28
268,A17_A29
4576,A17_A30
1953,A17_A31
1879,A17_A32
931,A17_A33
1657,A17_A34
3503,A17_A35
647,A17_A36
1953,A17_A37
6958,A17_A38
20520,A17_A39
1923,A17_A40
107,A17_A41
893,A17_A42
2202,A17_A43
2847,A17_A44
1380,A17_A45
3710,A17_A46
21450,A17_A47
2202,A17_A48
4924,A17_A49
11883,A17_A50
2170,A17_A51
1424,A17_A52
12047,A17_A53
4472,A17_A54
3599,A17_A55
3859,A17_A56
3165,A17_A57
2200,A17_A58
257,A17_A59
6276,A17_A60
1889,A17_A61
2560,A17_A62
4533,A17_A63
1002,A17_A64
2147,A17_A65
2879,A17_A66
2087,A17_A67
21110,A17_A68
644,A17_A69
3027,A17_A70
3351,A17_A71
11632,A17_A72
3977,A17_A73
1824,A17_A74
2969,A17_A75
3600,A17_A76
21093,A17_A77
2088,A17_A78
2079,A17_A79
4110,A17_A80
5487,A17_A81
1914,A17_A82
2713,A17_A83
5353,A17_A84
3127,A17_A85
1715,A17_A86
1271,A17_A87
1856,A17_A88
2083,A17_A89
2404,A17_A90
1414,A17_A91
6610,A17_A92
5743,A17_A93
3550,A17_A94
1836,A17_A95
5472,A17_A96
1143,A17_A97
1340,A17_A98
1864,A17_A99
2124,A17_A100
0,A18_A18
698,A18_A19
1825,A18_A20
2998,A18_A21
1773,A18_A22
9091,A18_A23
1908,A18_A24
3004,A18_A25
8119,A18_A26
1741,A18_A27
4903,A18_A28
1011,A18_A29
5351,A18_A30
2740,A18_A31
2668,A18_A32
1194,A18_A33
1725,A18_A34
3425,A18_A35
1344,A18_A36
2746,A18_A37
6969,A18_A38
21277,A18_A39
2624,A18_A40
782,A18_A41
297,A18_A42
2986,A18_A43
2632,A18_A44
1353,A18_A45
3520,A18_A46
22198,A18_A47
2986,A18_A48
4693,A18_A49
12186,A18_A50
2594,A18_A51
2013,A18_A52
11793,A18_A53
4549,A18_A54
3371,A18_A55
3985,A18_A56
3329,A18_A57
2475,A18_A58
613,A18_A59
5977,A18_A60
2596,A18_A61
3086,A18_A62
4212,A18_A63
1435,A18_A64
2315,A18_A65
2669,A18_A66
2315,A18_A67
21861,A18_A68
1430,A18_A69
2808,A18_A70
3069,A18_A71
11541,A18_A72
4080,A18_A73
2616,A18_A74
2822,A18_A75
3365,A18_A76
21844,A18_A77
2767,A18_A78
2873,A18_A79
4112,A18_A80
5447,A18_A81
2400,A18_A82
2335,A18_A83
5341,A18_A84
3200,A18_A85
2498,A18_A86
694,A18_A87
2141,A18_A88
2073,A18_A89
2833,A18_A90
1233,A18_A91
6479,A18_A92
5751,A18_A93
3625,A18_A94
2604,A18_A95
5163,A18_A96
1741,A18_A97
1970,A18_A98
1775,A18_A99
2543,A18_A100
0,A19_A19
2144,A19_A20
2469,A19_A21
1736,A19_A22
8839,A19_A23
1869,A19_A24
2380,A19_A25
8258,A19_A26
1478,A19_A27
4217,A19_A28
1373,A19_A29
5561,A19_A30
3159,A19_A31
2980,A19_A32
1090,A19_A33
1311,A19_A34
2816,A19_A35
1898,A19_A36
3104,A19_A37
6370,A19_A38
21388,A19_A39
2738,A19_A40
1196,A19_A41
420,A19_A42
3416,A19_A43
1980,A19_A44
938,A19_A45
2863,A19_A46
22286,A19_A47
3417,A19_A48
4016,A19_A49
11745,A19_A50
3274,A19_A51
2032,A19_A52
11104,A19_A53
4005,A19_A54
2703,A19_A55
3480,A19_A56
2868,A19_A57
2147,A19_A58
1191,A19_A59
5284,A19_A60
3150,A19_A61
3743,A19_A62
3519,A19_A63
1401,A19_A64
1913,A19_A65
2017,A19_A66
1960,A19_A67
21957,A19_A68
1883,A19_A69
2150,A19_A70
2388,A19_A71
10891,A19_A72
3559,A19_A73
3005,A19_A74
2194,A19_A75
2695,A19_A76
21941,A19_A77
3344,A19_A78
3234,A19_A79
3532,A19_A80
4834,A19_A81
2271,A19_A82
1641,A19_A83
4741,A19_A84
2682,A19_A85
2939,A19_A86
24,A19_A87
1853,A19_A88
1560,A19_A89
2617,A19_A90
717,A19_A91
5825,A19_A92
5158,A19_A93
3097,A19_A94
2847,A19_A95
4470,A19_A96
1804,A19_A97
2041,A19_A98
1236,A19_A99
2338,A19_A100
0,A20_A20
2976,A20_A21
1001,A20_A22
7806,A20_A23
1017,A20_A24
3355,A20_A25
6320,A20_A26
1537,A20_A27
5466,A20_A28
816,A20_A29
3531,A20_A30
1054,A20_A31
847,A20_A32
1264,A20_A33
1886,A20_A34
3634,A20_A35
865,A20_A36
960,A20_A37
6836,A20_A38
19479,A20_A39
1002,A20_A40
1043,A20_A41
1861,A20_A42
1316,A20_A43
3201,A20_A44
1805,A20_A45
3966,A20_A46
20412,A20_A47
1317,A20_A48
5174,A20_A49
11331,A20_A50
2231,A20_A51
889,A20_A52
12219,A20_A53
4340,A20_A54
3908,A20_A55
3697,A20_A56
3004,A20_A57
2011,A20_A58
1282,A20_A59
6576,A20_A60
1374,A20_A61
2379,A20_A62
4911,A20_A63
1040,A20_A64
2123,A20_A65
3224,A20_A66
1992,A20_A67
20070,A20_A68
532,A20_A69
3370,A20_A70
3742,A20_A71
11590,A20_A72
3837,A20_A73
878,A20_A74
3230,A20_A75
3918,A20_A76
20053,A20_A77
1622,A20_A78
1091,A20_A79
4098,A20_A80
5469,A20_A81
1437,A20_A82
3262,A20_A83
5304,A20_A84
3094,A20_A85
885,A20_A86
2160,A20_A87
1731,A20_A88
2303,A20_A89
1935,A20_A90
1978,A20_A91
6683,A20_A92
5655,A20_A93
3476,A20_A94
797,A20_A95
5803,A20_A96
744,A20_A97
739,A20_A98
2221,A20_A99
1720,A20_A100
0,A21_A21
1976,A21_A22
6686,A21_A23
1966,A21_A24
664,A21_A25
7261,A21_A26
1498,A21_A27
2591,A21_A28
2803,A21_A29
5047,A21_A30
3881,A21_A31
3412,A21_A32
2023,A21_A33
1307,A21_A34
699,A21_A35
3454,A21_A36
3639,A21_A37
4007,A21_A38
20045,A21_A39
2646,A21_A40
2847,A21_A41
2722,A21_A42
4112,A21_A43
968,A21_A44
1651,A21_A45
1167,A21_A46
20867,A21_A47
4113,A21_A48
2269,A21_A49
9295,A21_A50
5052,A21_A51
2135,A21_A52
9243,A21_A53
1551,A21_A54
1224,A21_A55
1015,A21_A56
545,A21_A57
1014,A21_A58
3104,A21_A59
3678,A21_A60
4350,A21_A61
5317,A21_A62
2198,A21_A63
2042,A21_A64
856,A21_A65
948,A21_A66
987,A21_A67
20565,A21_A68
3189,A21_A69
988,A21_A70
1308,A21_A71
8688,A21_A72
1090,A21_A73
3679,A21_A74
713,A21_A75
1250,A21_A76
20552,A21_A77
4598,A21_A78
3743,A21_A79
1158,A21_A80
2539,A21_A81
1714,A21_A82
1563,A21_A83
2400,A21_A84
218,A21_A85
3801,A21_A86
2489,A21_A87
1246,A21_A88
925,A21_A89
1466,A21_A90
1778,A21_A91
3714,A21_A92
2790,A21_A93
629,A21_A94
3114,A21_A95
2960,A21_A96
2232,A21_A97
2281,A21_A98
1237,A21_A99
1456,A21_A100
0,A22_A22
7344,A22_A23
137,A22_A24
2369,A22_A25
6533,A22_A26
573,A22_A27
4478,A22_A28
1028,A22_A29
3885,A22_A30
1966,A22_A31
1570,A22_A32
646,A22_A33
962,A22_A34
2635,A22_A35
1575,A22_A36
1771,A22_A37
5878,A22_A38
19653,A22_A39
1050,A22_A40
1186,A22_A41
1645,A22_A42
2215,A22_A43
2254,A22_A44
1024,A22_A45
2980,A22_A46
20550,A22_A47
2216,A22_A48
4181,A22_A49
10620,A22_A50
3137,A22_A51
312,A22_A52
11218,A22_A53
3376,A22_A54
2934,A22_A55
2738,A22_A56
2038,A22_A57
1036,A22_A58
1507,A22_A59
5587,A22_A60
2375,A22_A61
3353,A22_A62
3946,A22_A63
345,A22_A64
1122,A22_A65
2273,A22_A66
995,A22_A67
20221,A22_A68
1264,A22_A69
2414,A22_A70
2796,A22_A71
10617,A22_A72
2872,A22_A73
1767,A22_A74
2253,A22_A75
2946,A22_A76
20206,A22_A77
2622,A22_A78
1892,A22_A79
3106,A22_A80
4483,A22_A81
647,A22_A82
2410,A22_A83
4323,A22_A84
2100,A22_A85
1851,A22_A86
1758,A22_A87
734,A22_A88
1341,A22_A89
1134,A22_A90
1269,A22_A91
5686,A22_A92
4684,A22_A93
2492,A22_A94
1325,A22_A95
4822,A22_A96
256,A22_A97
387,A22_A98
1327,A22_A99
859,A22_A100
0,A23_A23
7216,A23_A24
7204,A23_A25
4883,A23_A26
7383,A23_A27
7628,A23_A28
8325,A23_A29
5813,A23_A30
7822,A23_A31
7378,A23_A32
7899,A23_A33
7536,A23_A34
6856,A23_A35
8667,A23_A36
7532,A23_A37
5516,A23_A38
14328,A23_A39
6807,A23_A40
8515,A23_A41
8908,A23_A42
7837,A23_A43
7624,A23_A44
7901,A23_A45
7287,A23_A46
14979,A23_A47
7838,A23_A48
7362,A23_A49
4415,A23_A50
9817,A23_A51
7163,A23_A52
10429,A23_A53
5685,A23_A54
7484,A23_A55
5810,A23_A56
6156,A23_A57
6693,A23_A58
8837,A23_A59
8011,A23_A60
8617,A23_A61
9666,A23_A62
7912,A23_A63
7667,A23_A64
6949,A23_A65
7597,A23_A66
6882,A23_A67
14736,A23_A68
8323,A23_A69
7588,A23_A70
7772,A23_A71
8374,A23_A72
5833,A23_A73
7718,A23_A74
7336,A23_A75
7518,A23_A76
14728,A23_A77
8799,A23_A78
7509,A23_A79
6235,A23_A80
6045,A23_A81
6701,A23_A82
8240,A23_A83
5886,A23_A84
6482,A23_A85
7988,A23_A86
8862,A23_A87
6992,A23_A88
7394,A23_A89
6260,A23_A90
8140,A23_A91
6706,A23_A92
5660,A23_A93
6205,A23_A94
7169,A23_A95
7923,A23_A96
7444,A23_A97
7256,A23_A98
7708,A23_A99
6550,A23_A100
0,A24_A24
2392,A24_A25
6404,A24_A26
639,A24_A27
4497,A24_A28
1138,A24_A29
3768,A24_A30
1937,A24_A31
1515,A24_A32
781,A24_A33
1035,A24_A34
2638,A24_A35
1654,A24_A36
1726,A24_A37
5830,A24_A38
19520,A24_A39
940,A24_A40
1306,A24_A41
1782,A24_A42
2180,A24_A43
2303,A24_A44
1133,A24_A45
3003,A24_A46
20416,A24_A47
2182,A24_A48
4195,A24_A49
10516,A24_A50
3195,A24_A51
211,A24_A52
11208,A24_A53
3330,A24_A54
2966,A24_A55
2688,A24_A56
1992,A24_A57
995,A24_A58
1628,A24_A59
5603,A24_A60
2388,A24_A61
3389,A24_A62
3982,A24_A63
482,A24_A64
1121,A24_A65
2320,A24_A66
980,A24_A67
20088,A24_A68
1331,A24_A69
2459,A24_A70
2844,A24_A71
10577,A24_A72
2826,A24_A73
1736,A24_A74
2286,A24_A75
2980,A24_A76
20072,A24_A77
2637,A24_A78
1843,A24_A79
3081,A24_A80
4452,A24_A81
528,A24_A82
2490,A24_A83
4288,A24_A84
2078,A24_A85
1839,A24_A86
1892,A24_A87
722,A24_A88
1389,A24_A89
1028,A24_A90
1385,A24_A91
5667,A24_A92
4642,A24_A93
2459,A24_A94
1254,A24_A95
4846,A24_A96
294,A24_A97
327,A24_A98
1404,A24_A99
762,A24_A100
0,A25_A25
7925,A25_A26
1819,A25_A27
2110,A25_A28
3031,A25_A29
5686,A25_A30
4329,A25_A31
3894,A25_A32
2239,A25_A33
1507,A25_A34
449,A25_A35
3701,A25_A36
4112,A25_A37
3993,A25_A38
20688,A25_A39
3178,A25_A40
3026,A25_A41
2711,A25_A42
4572,A25_A43
464,A25_A44
1754,A25_A45
612,A25_A46
21504,A25_A47
4574,A25_A48
1823,A25_A49
9579,A25_A50
5292,A25_A51
2585,A25_A52
8925,A25_A53
1740,A25_A54
594,A25_A55
1402,A25_A56
1174,A25_A57
1552,A25_A58
3237,A25_A59
3221,A25_A60
4716,A25_A61
5617,A25_A62
1608,A25_A63
2345,A25_A64
1293,A25_A65
428,A25_A66
1459,A25_A67
21204,A25_A68
3479,A25_A69
385,A25_A70
647,A25_A71
8542,A25_A72
1407,A25_A73
4128,A25_A74
188,A25_A75
615,A25_A76
21191,A25_A77
4959,A25_A78
4225,A25_A79
1199,A25_A80
2453,A25_A81
2248,A25_A82
1077,A25_A83
2366,A25_A84
793,A25_A85
4219,A25_A86
2396,A25_A87
1689,A25_A88
1071,A25_A89
2082,A25_A90
1784,A25_A91
3490,A25_A92
2786,A25_A93
999,A25_A94
3611,A25_A95
2454,A25_A96
2622,A25_A97
2719,A25_A98
1271,A25_A99
2022,A25_A100
0,A26_A26
6932,A26_A27
9439,A26_A28
7115,A26_A29
2824,A26_A30
5675,A26_A31
5523,A26_A32
7172,A26_A33
7282,A26_A34
7824,A26_A35
7063,A26_A36
5523,A26_A37
8667,A26_A38
13159,A26_A39
5525,A26_A40
7346,A26_A41
8091,A26_A42
5524,A26_A43
8145,A26_A44
7505,A26_A45
8352,A26_A46
14094,A26_A47
5525,A26_A48
9096,A26_A49
9274,A26_A50
7459,A26_A51
6229,A26_A52
14381,A26_A53
7298,A26_A54
8461,A26_A55
6959,A26_A56
6784,A26_A57
6588,A26_A58
7602,A26_A59
10283,A26_A60
6315,A26_A61
7042,A26_A62
9325,A26_A63
6858,A26_A64
6926,A26_A65
8139,A26_A66
6769,A26_A67
13750,A26_A68
6806,A26_A69
8219,A26_A70
8567,A26_A71
12700,A26_A72
7081,A26_A73
5703,A26_A74
7951,A26_A75
8491,A26_A76
13733,A26_A77
6373,A26_A78
5422,A26_A79
7609,A26_A80
8299,A26_A81
6106,A26_A82
8601,A26_A83
8078,A26_A84
7159,A26_A85
5928,A26_A86
8280,A26_A87
6693,A26_A88
7427,A26_A89
5982,A26_A90
7769,A26_A91
9447,A26_A92
8112,A26_A93
7170,A26_A94
5526,A26_A95
9819,A26_A96
6456,A26_A97
6219,A26_A98
7618,A26_A99
6173,A26_A100
0,A27_A27
3929,A27_A28
1314,A27_A29
4360,A27_A30
2535,A27_A31
2143,A27_A32
578,A27_A33
397,A27_A34
2117,A27_A35
1956,A27_A36
2345,A27_A37
5480,A27_A38
20005,A27_A39
1564,A27_A40
1387,A27_A41
1530,A27_A42
2786,A27_A43
1681,A27_A44
583,A27_A45
2430,A27_A46
20886,A27_A47
2787,A27_A48
3640,A27_A49
10461,A27_A50
3554,A27_A51
849,A27_A52
10712,A27_A53
2986,A27_A54
2373,A27_A55
2369,A27_A56
1675,A27_A57
738,A27_A58
1676,A27_A59
5040,A27_A60
2899,A27_A61
3828,A27_A62
3380,A27_A63
544,A27_A64
660,A27_A65
1702,A27_A66
600,A27_A67
20563,A27_A68
1693,A27_A69
1844,A27_A70
2224,A27_A71
10184,A27_A72
2488,A27_A73
2337,A27_A74
1693,A27_A75
2383,A27_A76
20548,A27_A77
3143,A27_A78
2466,A27_A79
2654,A27_A80
4036,A27_A81
832,A27_A82
1852,A27_A83
3891,A27_A84
1654,A27_A85
2408,A27_A86
1502,A27_A87
401,A27_A88
771,A27_A89
1140,A27_A90
851,A27_A91
5205,A27_A92
4271,A27_A93
2070,A27_A94
1891,A27_A95
4266,A27_A96
814,A27_A97
955,A27_A98
767,A27_A99
860,A27_A100
0,A28_A28
5103,A28_A29
7521,A28_A30
6434,A28_A31
5986,A28_A32
4321,A28_A33
3602,A28_A34
1892,A28_A35
5773,A28_A36
6208,A28_A37
2878,A28_A38
21708,A28_A39
5236,A28_A40
5070,A28_A41
4608,A28_A42
6673,A28_A43
2327,A28_A44
3803,A28_A45
1499,A28_A46
22449,A28_A47
6675,A28_A48
347,A28_A49
8988,A28_A50
7344,A28_A51
4684,A28_A52
6892,A28_A53
2172,A28_A54
1578,A28_A55
2495,A28_A56
2858,A28_A57
3599,A28_A58
5243,A28_A59
1111,A28_A60
6824,A28_A61
7702,A28_A62
742,A28_A63
4449,A28_A64
3383,A28_A65
2296,A28_A66
3540,A28_A67
22176,A28_A68
5571,A28_A69
2147,A28_A70
1837,A28_A71
6794,A28_A72
2364,A28_A73
6232,A28_A74
2241,A28_A75
1575,A28_A76
22165,A28_A77
7066,A28_A78
6317,A28_A79
1838,A28_A80
1619,A28_A81
4302,A28_A82
2582,A28_A83
1749,A28_A84
2566,A28_A85
6329,A28_A86
4226,A28_A87
3784,A28_A88
3171,A28_A89
4038,A28_A90
3769,A28_A91
1836,A28_A92
2047,A28_A93
2371,A28_A94
5694,A28_A95
386,A28_A96
4732,A28_A97
4822,A28_A98
3322,A28_A99
4047,A28_A100
0,A29_A29
4340,A29_A30
1789,A29_A31
1662,A29_A32
794,A29_A33
1532,A29_A34
3383,A29_A35
670,A29_A36
1756,A29_A37
6794,A29_A38
20274,A29_A39
1658,A29_A40
232,A29_A41
1053,A29_A42
2045,A29_A43
2779,A29_A44
1302,A29_A45
3623,A29_A46
21200,A29_A47
2046,A29_A48
4842,A29_A49
11648,A29_A50
2263,A29_A51
1162,A29_A52
11956,A29_A53
4299,A29_A54
3525,A29_A55
3677,A29_A56
2978,A29_A57
1997,A29_A58
525,A29_A59
6211,A29_A60
1828,A29_A61
2600,A29_A62
4483,A29_A63
792,A29_A64
1974,A29_A65
2809,A29_A66
1899,A29_A67
20861,A29_A68
524,A29_A69
2958,A29_A70
3298,A29_A71
11491,A29_A72
3800,A29_A73
1642,A29_A74
2876,A29_A75
3528,A29_A76
20844,A29_A77
2045,A29_A78
1885,A29_A79
3961,A29_A80
5342,A29_A81
1665,A29_A82
2704,A29_A83
5201,A29_A84
2966,A29_A85
1566,A29_A86
1386,A29_A87
1657,A29_A88
1966,A29_A89
2162,A29_A90
1386,A29_A91
6488,A29_A92
5584,A29_A93
3384,A29_A94
1594,A29_A95
5413,A29_A96
883,A29_A97
1073,A29_A98
1781,A29_A99
1886,A29_A100
0,A30_A30
2852,A30_A31
2712,A30_A32
4498,A30_A33
4741,A30_A34
5705,A30_A35
4245,A30_A36
2701,A30_A37
7568,A30_A38
15962,A30_A39
2838,A30_A40
4570,A30_A41
5351,A30_A42
2710,A30_A43
5801,A30_A44
4900,A30_A45
6210,A30_A46
16909,A30_A47
2711,A30_A48
7176,A30_A49
10062,A30_A50
4694,A30_A51
3573,A30_A52
13402,A30_A53
5578,A30_A54
6269,A30_A55
5069,A30_A56
4674,A30_A57
4187,A30_A58
4810,A30_A59
8513,A30_A60
3516,A30_A61
4333,A30_A62
7236,A30_A63
4184,A30_A64
4509,A30_A65
5804,A30_A66
4338,A30_A67
16562,A30_A68
3999,A30_A69
5911,A30_A70
6289,A30_A71
12135,A30_A72
5217,A30_A73
2879,A30_A74
5664,A30_A75
6294,A30_A76
16545,A30_A77
3597,A30_A78
2598,A30_A79
5713,A30_A80
6743,A30_A81
3582,A30_A82
6157,A30_A83
6524,A30_A84
5006,A30_A85
3104,A30_A86
5581,A30_A87
4201,A30_A88
4973,A30_A89
3610,A30_A90
5153,A30_A91
8009,A30_A92
6692,A30_A93
5150,A30_A94
2747,A30_A95
7905,A30_A96
3765,A30_A97
3534,A30_A98
5102,A30_A99
3725,A30_A100
0,A31_A31
532,A31_A32
2317,A31_A33
2907,A31_A34
4566,A31_A35
1463,A31_A36
312,A31_A37
7566,A31_A38
18785,A31_A39
1363,A31_A40
1988,A31_A41
2835,A31_A42
262,A31_A43
4215,A31_A44
2855,A31_A45
4940,A31_A46
19745,A31_A47
262,A31_A48
6129,A31_A49
11618,A31_A50
2006,A31_A51
1751,A31_A52
13095,A31_A53
5113,A31_A54
4900,A31_A55
4471,A31_A56
3812,A31_A57
2874,A31_A58
2137,A31_A59
7538,A31_A60
794,A31_A61
1869,A31_A62
5912,A31_A63
2077,A31_A64
3053,A31_A65
4236,A31_A66
2901,A31_A67
19394,A31_A68
1310,A31_A69
4379,A31_A70
4758,A31_A71
12337,A31_A72
4621,A31_A73
203,A31_A74
4219,A31_A75
4912,A31_A76
19376,A31_A77
990,A31_A78
313,A31_A79
4949,A31_A80
6288,A31_A81
2200,A31_A82
4310,A31_A83
6106,A31_A84
3968,A31_A85
260,A31_A86
3173,A31_A87
2652,A31_A88
3305,A31_A89
2620,A31_A90
3032,A31_A91
7537,A31_A92
6426,A31_A93
4313,A31_A94
842,A31_A95
6783,A31_A96
1721,A31_A97
1612,A31_A98
3255,A31_A99
2486,A31_A100
0,A32_A32
2025,A32_A33
2531,A32_A34
4105,A32_A35
1545,A32_A36
235,A32_A37
7041,A32_A38
18673,A32_A39
835,A32_A40
1886,A32_A41
2707,A32_A42
714,A32_A43
3818,A32_A44
2536,A32_A45
4501,A32_A46
19616,A32_A47
716,A32_A48
5674,A32_A49
11116,A32_A50
2442,A32_A51
1313,A32_A52
12598,A32_A53
4599,A32_A54
4475,A32_A55
3959,A32_A56
3310,A32_A57
2399,A32_A58
2104,A32_A59
7085,A32_A60
1277,A32_A61
2372,A32_A62
5493,A32_A63
1748,A32_A64
2605,A32_A65
3836,A32_A66
2446,A32_A67
19271,A32_A68
1287,A32_A69
3974,A32_A70
4359,A32_A71
11812,A32_A72
4110,A32_A73
362,A32_A74
3796,A32_A75
4490,A32_A76
19254,A32_A77
1497,A32_A78
331,A32_A79
4454,A32_A80
5780,A32_A81
1709,A32_A82
3970,A32_A83
5595,A32_A84
3486,A32_A85
618,A32_A86
2997,A32_A87
2206,A32_A88
2904,A32_A89
2104,A32_A90
2742,A32_A91
7037,A32_A92
5909,A32_A93
3817,A32_A94
315,A32_A95
6342,A32_A96
1347,A32_A97
1190,A32_A98
2893,A32_A99
1989,A32_A100
0,A33_A33
738,A33_A34
2590,A33_A35
1462,A33_A36
2190,A33_A37
6027,A33_A38
20298,A33_A39
1662,A33_A40
825,A33_A41
1023,A33_A42
2578,A33_A43
2004,A33_A44
548,A33_A45
2834,A33_A46
21196,A33_A47
2579,A33_A48
4054,A33_A49
11035,A33_A50
3057,A33_A51
943,A33_A52
11164,A33_A53
3543,A33_A54
2743,A33_A55
2935,A33_A56
2246,A33_A57
1313,A33_A58
1101,A33_A59
5430,A33_A60
2537,A33_A61
3382,A33_A62
3717,A33_A63
315,A33_A64
1221,A33_A65
2033,A33_A66
1178,A33_A67
20867,A33_A68
1253,A33_A69
2181,A33_A70
2534,A33_A71
10706,A33_A72
3050,A33_A73
2135,A33_A74
2087,A33_A75
2748,A33_A76
20851,A33_A77
2770,A33_A78
2319,A33_A79
3181,A33_A80
4559,A33_A81
1222,A33_A82
2003,A33_A83
4423,A33_A84
2196,A33_A85
2143,A33_A86
1112,A33_A87
970,A33_A88
1173,A33_A89
1639,A33_A90
719,A33_A91
5696,A33_A92
4812,A33_A93
2619,A33_A94
1838,A33_A95
4637,A33_A96
734,A33_A97
964,A33_A98
1004,A33_A99
1349,A33_A100
0,A34_A34
1851,A34_A35
2199,A34_A36
2728,A34_A37
5313,A34_A38
20326,A34_A39
1958,A34_A40
1551,A34_A41
1469,A34_A42
3161,A34_A43
1314,A34_A44
381,A34_A45
2108,A34_A46
21197,A34_A47
3162,A34_A48
3327,A34_A49
10472,A34_A50
3795,A34_A51
1246,A34_A52
10429,A34_A53
2849,A34_A54
2031,A34_A55
2265,A34_A56
1604,A34_A57
847,A34_A58
1798,A34_A59
4714,A34_A60
3226,A34_A61
4111,A34_A62
3026,A34_A63
851,A34_A64
605,A34_A65
1338,A34_A66
654,A34_A67
20878,A34_A68
1973,A34_A69
1484,A34_A70
1856,A34_A71
9975,A34_A72
2367,A34_A73
2712,A34_A74
1362,A34_A75
2039,A34_A76
20863,A34_A77
3465,A34_A78
2851,A34_A79
2458,A34_A80
3830,A34_A81
1177,A34_A82
1456,A34_A83
3701,A34_A84
1494,A34_A85
2768,A34_A86
1334,A34_A87
606,A34_A88
436,A34_A89
1382,A34_A90
604,A34_A91
4958,A34_A92
4096,A34_A93
1922,A34_A94
2285,A34_A95
3929,A34_A96
1191,A34_A97
1347,A34_A98
370,A34_A99
1134,A34_A100
0,A35_A35
4048,A35_A36
4330,A35_A37
3554,A35_A38
20474,A35_A39
3345,A35_A40
3397,A35_A41
3134,A35_A42
4800,A35_A43
907,A35_A44
2138,A35_A45
528,A35_A46
21274,A35_A47
4802,A35_A48
1571,A35_A49
9141,A35_A50
5646,A35_A51
2816,A35_A52
8595,A35_A53
1305,A35_A54
666,A35_A55
1053,A35_A56
1048,A35_A57
1710,A35_A58
3624,A35_A59
2981,A35_A60
5006,A35_A61
5944,A35_A62
1533,A35_A63
2658,A35_A64
1517,A35_A65
870,A35_A66
1665,A35_A67
20980,A35_A68
3805,A35_A69
797,A35_A70
916,A35_A71
8139,A35_A72
1025,A35_A73
4363,A35_A74
636,A35_A75
699,A35_A76
20968,A35_A77
5253,A35_A78
4436,A35_A79
753,A35_A80
2022,A35_A81
2412,A35_A82
1504,A35_A83
1925,A35_A84
698,A35_A85
4477,A35_A86
2832,A35_A87
1917,A35_A88
1420,A35_A89
2156,A35_A90
2195,A35_A91
3107,A35_A92
2343,A35_A93
694,A35_A94
3809,A35_A95
2262,A35_A96
2891,A35_A97
2958,A35_A98
1665,A35_A99
2156,A35_A100
0,A36_A36
1547,A36_A37
7427,A36_A38
20206,A36_A39
1867,A36_A40
734,A36_A41
1509,A36_A42
1688,A36_A43
3448,A36_A44
1971,A36_A45
4293,A36_A46
21154,A36_A47
1688,A36_A48
5512,A36_A49
12137,A36_A50
1600,A36_A51
1607,A36_A52
12626,A36_A53
4927,A36_A54
4195,A36_A55
4296,A36_A56
3595,A36_A57
2597,A36_A58
733,A36_A59
6880,A36_A60
1258,A36_A61
1933,A36_A62
5149,A36_A63
1416,A36_A64
2612,A36_A65
3478,A36_A66
2521,A36_A67
20807,A36_A68
346,A36_A69
3627,A36_A70
3964,A36_A71
12141,A36_A72
4424,A36_A73
1381,A36_A74
3547,A36_A75
4198,A36_A76
20790,A36_A77
1446,A36_A78
1659,A36_A79
4610,A36_A80
5992,A36_A81
2159,A36_A82
3349,A36_A83
5846,A36_A84
3609,A36_A85
1206,A36_A86
1906,A36_A87
2269,A36_A88
2634,A36_A89
2668,A36_A90
2039,A36_A91
7151,A36_A92
6222,A36_A93
4021,A36_A94
1608,A36_A95
6081,A36_A96
1364,A36_A97
1478,A36_A98
2451,A36_A99
2415,A36_A100
0,A37_A37
7275,A37_A38
18659,A37_A39
1069,A37_A40
1972,A37_A41
2809,A37_A42
480,A37_A43
4024,A37_A44
2713,A37_A45
4721,A37_A46
19610,A37_A47
481,A37_A48
5898,A37_A49
11309,A37_A50
2286,A37_A51
1528,A37_A52
12831,A37_A53
4833,A37_A54
4691,A37_A55
4194,A37_A56
3544,A37_A57
2627,A37_A58
2163,A37_A59
7309,A37_A60
1091,A37_A61
2177,A37_A62
5707,A37_A63
1925,A37_A64
2826,A37_A65
4043,A37_A66
2668,A37_A67
19262,A37_A68
1331,A37_A69
4183,A37_A70
4567,A37_A71
12046,A37_A72
4345,A37_A73
195,A37_A74
4010,A37_A75
4705,A37_A76
19245,A37_A77
1298,A37_A78
131,A37_A79
4686,A37_A80
6015,A37_A81
1940,A37_A82
4157,A37_A83
5830,A37_A84
3716,A37_A85
463,A37_A86
3120,A37_A87
2426,A37_A88
3110,A37_A89
2339,A37_A90
2909,A37_A91
7270,A37_A92
6143,A37_A93
4050,A37_A94
549,A37_A95
6563,A37_A96
1539,A37_A97
1399,A37_A98
3086,A37_A99
2221,A37_A100
0,A38_A38
19844,A38_A39
6206,A38_A40
6852,A38_A41
6681,A38_A42
7750,A38_A43
4422,A38_A44
5646,A38_A45
3595,A38_A46
20490,A38_A47
7752,A38_A48
2802,A38_A49
6129,A38_A50
9013,A38_A51
5948,A38_A52
5839,A38_A53
2502,A38_A54
3797,A38_A55
3142,A38_A56
3841,A38_A57
4843,A38_A58
7111,A38_A59
2735,A38_A60
8175,A38_A61
9215,A38_A62
3510,A38_A63
6013,A38_A64
4820,A38_A65
4383,A38_A66
4906,A38_A67
20251,A38_A68
7137,A38_A69
4271,A38_A70
4163,A38_A71
4771,A38_A72
3006,A38_A73
7372,A38_A74
4181,A38_A75
3818,A38_A76
20242,A38_A77
8424,A38_A78
7348,A38_A79
2861,A38_A80
1551,A38_A81
5414,A38_A82
4935,A38_A83
1629,A38_A84
3831,A38_A85
7556,A38_A86
6387,A38_A87
5160,A38_A88
4913,A38_A89
4952,A38_A90
5736,A38_A91
1285,A38_A92
1219,A38_A93
3410,A38_A94
6727,A38_A95
2995,A38_A96
6120,A38_A97
6099,A38_A98
5195,A38_A99
5126,A38_A100
0,A39_A39
18670,A39_A40
20505,A39_A41
21241,A39_A42
18609,A39_A43
20997,A39_A44
20587,A39_A45
20985,A39_A46
1162,A39_A47
18610,A39_A48
21400,A39_A49
16081,A39_A50
20407,A39_A51
19356,A39_A52
24264,A39_A53
19578,A39_A54
21140,A39_A55
19464,A39_A56
19514,A39_A57
19561,A39_A58
20761,A39_A59
22253,A39_A60
19355,A39_A61
19905,A39_A62
21825,A39_A63
19987,A39_A64
19894,A39_A65
20983,A39_A66
19754,A39_A67
739,A39_A68
19960,A39_A69
21033,A39_A70
21330,A39_A71
21893,A39_A72
19546,A39_A73
18833,A39_A74
20758,A39_A75
21173,A39_A76
712,A39_A77
19371,A39_A78
18552,A39_A79
20044,A39_A80
20221,A39_A81
19173,A39_A82
21527,A39_A83
20035,A39_A84
19895,A39_A85
19043,A39_A86
21409,A39_A87
19722,A39_A88
20404,A39_A89
18965,A39_A90
20854,A39_A91
21014,A39_A92
19880,A39_A93
19780,A39_A94
18685,A39_A95
22045,A39_A96
19595,A39_A97
19358,A39_A98
20636,A39_A99
19194,A39_A100
0,A40_A40
1884,A40_A41
2571,A40_A42
1546,A40_A43
3165,A40_A44
2072,A40_A45
3773,A40_A46
19582,A40_A47
1547,A40_A48
4915,A40_A49
10397,A40_A50
3119,A40_A51
738,A40_A52
11780,A40_A53
3769,A40_A54
3770,A40_A55
3132,A40_A56
2497,A40_A57
1638,A40_A58
2179,A40_A59
6323,A40_A60
2047,A40_A61
3141,A40_A62
4786,A40_A63
1348,A40_A64
1890,A40_A65
3177,A40_A66
1720,A40_A67
19248,A40_A68
1529,A40_A69
3307,A40_A70
3696,A40_A71
10977,A40_A72
3284,A40_A73
1174,A40_A74
3102,A40_A75
3788,A40_A76
19232,A40_A77
2284,A40_A78
1147,A40_A79
3645,A40_A80
4956,A40_A81
935,A40_A82
3411,A40_A83
4768,A40_A84
2699,A40_A85
1390,A40_A86
2759,A40_A87
1510,A40_A88
2266,A40_A89
1277,A40_A90
2319,A40_A91
6219,A40_A92
5076,A40_A93
3008,A40_A94
521,A40_A95
5601,A40_A96
933,A40_A97
698,A40_A98
2328,A40_A99
1194,A40_A100
0,A41_A41
847,A41_A42
2241,A41_A43
2743,A41_A44
1274,A41_A45
3605,A41_A46
21431,A41_A47
2241,A41_A48
4820,A41_A49
11791,A41_A50
2274,A41_A51
1355,A41_A52
11942,A41_A53
4367,A41_A54
3495,A41_A55
3755,A41_A56
3062,A41_A57
2100,A41_A58
322,A41_A59
6173,A41_A60
1962,A41_A61
2657,A41_A62
4432,A41_A63
906,A41_A64
2042,A41_A65
2775,A41_A66
1985,A41_A67
21092,A41_A68
690,A41_A69
2923,A41_A70
3249,A41_A71
11525,A41_A72
3872,A41_A73
1851,A41_A74
2863,A41_A75
3496,A41_A76
21076,A41_A77
2166,A41_A78
2100,A41_A79
4004,A41_A80
5380,A41_A81
1832,A41_A82
2618,A41_A83
5247,A41_A84
3021,A41_A85
1757,A41_A86
1207,A41_A87
1756,A41_A88
1977,A41_A89
2317,A41_A90
1314,A41_A91
6503,A41_A92
5637,A41_A93
3444,A41_A94
1825,A41_A95
5370,A41_A96
1073,A41_A97
1278,A41_A98
1759,A41_A99
2035,A41_A100
0,A42_A42
3088,A42_A43
2336,A42_A44
1091,A42_A45
3223,A42_A46
22152,A42_A47
3088,A42_A48
4397,A42_A49
11941,A42_A50
2855,A42_A51
1912,A42_A52
11499,A42_A53
4272,A42_A54
3074,A42_A55
3717,A42_A56
3071,A42_A57
2252,A42_A58
786,A42_A59
5684,A42_A60
2767,A42_A61
3327,A42_A62
3919,A42_A63
1300,A42_A64
2069,A42_A65
2373,A42_A66
2082,A42_A67
21819,A42_A68
1534,A42_A69
2511,A42_A70
2773,A42_A71
11245,A42_A72
3808,A42_A73
2694,A42_A74
2528,A42_A75
3068,A42_A76
21803,A42_A77
2953,A42_A78
2938,A42_A79
3826,A42_A80
5156,A42_A81
2245,A42_A82
2043,A42_A83
5053,A42_A84
2927,A42_A85
2603,A42_A86
420,A42_A87
1928,A42_A88
1797,A42_A89
2650,A42_A90
948,A42_A91
6183,A42_A92
5464,A42_A93
3351,A42_A94
2609,A42_A95
4870,A42_A96
1654,A42_A97
1890,A42_A98
1492,A42_A99
2362,A42_A100
0,A43_A43
4467,A43_A44
3115,A43_A45
5182,A43_A46
19576,A43_A47
2,A43_A48
6366,A43_A49
11692,A43_A50
2045,A43_A51
1989,A43_A52
13310,A43_A53
5313,A43_A54
5146,A43_A55
4673,A43_A56
4023,A43_A57
3101,A43_A58
2379,A43_A59
7776,A43_A60
826,A43_A61
1829,A43_A62
6160,A43_A63
2336,A43_A64
3291,A43_A65
4488,A43_A66
3136,A43_A67
19223,A43_A68
1558,A43_A69
4629,A43_A70
5010,A43_A71
12521,A43_A72
4824,A43_A73
450,A43_A74
4465,A43_A75
5159,A43_A76
19204,A43_A77
969,A43_A78
405,A43_A79
5165,A43_A80
6494,A43_A81
2418,A43_A82
4569,A43_A83
6309,A43_A84
4192,A43_A85
488,A43_A86
3430,A43_A87
2890,A43_A88
3555,A43_A89
2818,A43_A90
3293,A43_A91
7750,A43_A92
6622,A43_A93
4529,A43_A94
1028,A43_A95
7025,A43_A96
1972,A43_A97
1854,A43_A98
3511,A43_A99
2700,A43_A100
0,A44_A44
1477,A44_A45
888,A44_A46
21825,A44_A47
4468,A44_A48
2082,A44_A49
10043,A44_A50
5017,A44_A51
2508,A44_A52
9206,A44_A53
2204,A44_A54
753,A44_A55
1843,A44_A56
1512,A44_A57
1614,A44_A58
2923,A44_A59
3432,A44_A60
4532,A44_A61
5379,A44_A62
1715,A44_A63
2164,A44_A64
1300,A44_A65
39,A44_A66
1473,A44_A67
21521,A44_A68
3258,A44_A69
180,A44_A70
543,A44_A71
8913,A44_A72
1860,A44_A73
4018,A44_A74
294,A44_A75
753,A44_A76
21508,A44_A77
4769,A44_A78
4144,A44_A79
1661,A44_A80
2875,A44_A81
2263,A44_A82
623,A44_A83
2801,A44_A84
1152,A44_A85
4081,A44_A86
1993,A44_A87
1656,A44_A88
914,A44_A89
2200,A44_A90
1449,A44_A91
3848,A44_A92
3224,A44_A93
1433,A44_A94
3553,A44_A95
2634,A44_A96
2495,A44_A97
2628,A44_A98
1001,A44_A99
2080,A44_A100
0,A45_A45
2331,A45_A46
21469,A45_A47
3116,A45_A48
3547,A45_A49
10852,A45_A50
3546,A45_A51
1335,A45_A52
10668,A45_A53
3201,A45_A54
2225,A45_A55
2631,A45_A56
1980,A45_A57
1208,A45_A58
1486,A45_A59
4909,A45_A60
3083,A45_A61
3902,A45_A62
3183,A45_A63
788,A45_A64
985,A45_A65
1507,A45_A66
1022,A45_A67
21146,A45_A68
1790,A45_A69
1656,A45_A70
1998,A45_A71
10277,A45_A72
2727,A45_A73
2669,A45_A74
1589,A45_A75
2227,A45_A76
21130,A45_A77
3314,A45_A78
2841,A45_A79
2785,A45_A80
4145,A45_A81
1415,A45_A82
1457,A45_A83
4025,A45_A84
1849,A45_A85
2688,A45_A86
962,A45_A87
925,A45_A88
733,A45_A89
1701,A45_A90
268,A45_A91
5239,A45_A92
4427,A45_A93
2275,A45_A94
2324,A45_A95
4110,A45_A96
1199,A45_A97
1401,A45_A98
485,A45_A99
1432,A45_A100
0,A46_A46
21779,A46_A47
5184,A46_A48
1220,A46_A49
9382,A46_A50
5877,A46_A51
3194,A46_A52
8337,A46_A53
1633,A46_A54
217,A46_A55
1530,A46_A56
1573,A46_A57
2138,A46_A58
3799,A46_A59
2610,A46_A60
5325,A46_A61
6216,A46_A62
1030,A46_A63
2952,A46_A64
1897,A46_A65
851,A46_A66
2060,A46_A67
21487,A46_A68
4080,A46_A69
713,A46_A70
580,A46_A71
8028,A46_A72
1472,A46_A73
4738,A46_A74
747,A46_A75
247,A46_A76
21475,A46_A77
5568,A46_A78
4832,A46_A79
1062,A46_A80
2046,A46_A81
2840,A46_A82
1340,A46_A83
2004,A46_A84
1211,A46_A85
4831,A46_A86
2876,A46_A87
2295,A46_A88
1675,A46_A89
2632,A46_A90
2329,A46_A91
2962,A46_A92
2428,A46_A93
1209,A46_A94
4215,A46_A95
1843,A46_A96
3233,A46_A97
3329,A46_A98
1846,A46_A99
2601,A46_A100
0,A47_A47
19577,A47_A48
22148,A47_A49
16454,A47_A50
21403,A47_A51
20257,A47_A52
24730,A47_A53
20339,A47_A54
21940,A47_A55
20253,A47_A56
20332,A47_A57
20419,A47_A58
21693,A47_A59
22954,A47_A60
20333,A47_A61
20912,A47_A62
22594,A47_A63
20887,A47_A64
20750,A47_A65
21810,A47_A66
20614,A47_A67
423,A47_A68
20900,A47_A69
21855,A47_A70
22142,A47_A71
22327,A47_A72
20328,A47_A73
19786,A47_A74
21580,A47_A75
21973,A47_A76
451,A47_A77
20357,A47_A78
19505,A47_A79
20819,A47_A80
20936,A47_A81
20054,A47_A82
22368,A47_A83
20756,A47_A84
20711,A47_A85
20002,A47_A86
22308,A47_A87
20592,A47_A88
21259,A47_A89
19828,A47_A90
21736,A47_A91
21683,A47_A92
20583,A47_A93
20580,A47_A94
19616,A47_A95
22778,A47_A96
20502,A47_A97
20264,A47_A98
21500,A47_A99
20064,A47_A100
0,A48_A48
6368,A48_A49
11694,A48_A50
2043,A48_A51
1991,A48_A52
13312,A48_A53
5314,A48_A54
5147,A48_A55
4675,A48_A56
4025,A48_A57
3103,A48_A58
2379,A48_A59
7778,A48_A60
824,A48_A61
1827,A48_A62
6162,A48_A63
2337,A48_A64
3293,A48_A65
4489,A48_A66
3138,A48_A67
19223,A48_A68
1558,A48_A69
4631,A48_A70
5011,A48_A71
12522,A48_A72
4826,A48_A73
451,A48_A74
4466,A48_A75
5160,A48_A76
19205,A48_A77
967,A48_A78
407,A48_A79
5167,A48_A80
6496,A48_A81
2419,A48_A82
4570,A48_A83
6311,A48_A84
4194,A48_A85
488,A48_A86
3431,A48_A87
2891,A48_A88
3557,A48_A89
2820,A48_A90
3294,A48_A91
7751,A48_A92
6623,A48_A93
4530,A48_A94
1030,A48_A95
7026,A48_A96
1974,A48_A97
1855,A48_A98
3512,A48_A99
2702,A48_A100
0,A49_A49
8867,A49_A50
7093,A49_A51
4378,A49_A52
7124,A49_A53
1842,A49_A54
1330,A49_A55
2149,A49_A56
2517,A49_A57
3280,A49_A58
5006,A49_A59
1411,A49_A60
6539,A49_A61
7435,A49_A62
708,A49_A63
4168,A49_A64
3076,A49_A65
2048,A49_A66
3230,A49_A67
21873,A49_A68
5300,A49_A69
1902,A49_A70
1628,A49_A71
6919,A49_A72
2018,A49_A73
5927,A49_A74
1967,A49_A75
1333,A49_A76
21861,A49_A77
6782,A49_A78
6005,A49_A79
1492,A49_A80
1420,A49_A81
3982,A49_A82
2402,A49_A83
1517,A49_A84
2233,A49_A85
6031,A49_A86
4027,A49_A87
3477,A49_A88
2892,A49_A89
3706,A49_A90
3531,A49_A91
1885,A49_A92
1857,A49_A93
2026,A49_A94
5379,A49_A95
733,A49_A96
4436,A49_A97
4518,A49_A98
3063,A49_A99
3723,A49_A100
0,A50_A50
13516,A50_A51
10533,A50_A52
8407,A50_A53
7839,A50_A54
9599,A50_A55
8281,A50_A56
8879,A50_A57
9723,A50_A58
12104,A50_A59
8803,A50_A60
12393,A50_A61
13486,A50_A62
9563,A50_A63
10886,A50_A64
9873,A50_A65
10006,A50_A66
9874,A50_A67
16311,A50_A68
11795,A50_A69
9936,A50_A70
9958,A50_A71
5938,A50_A72
8222,A50_A73
11476,A50_A74
9756,A50_A75
9628,A50_A76
16310,A50_A77
12607,A50_A78
11318,A50_A79
8390,A50_A80
7474,A50_A81
9992,A50_A82
10644,A50_A83
7439,A50_A84
9078,A50_A85
11732,A50_A86
11766,A50_A87
10065,A50_A88
10186,A50_A89
9488,A50_A90
11033,A50_A91
7353,A50_A92
7040,A50_A93
8681,A50_A94
10852,A50_A95
9125,A50_A96
10792,A50_A97
10659,A50_A98
10512,A50_A99
9762,A50_A100
0,A51_A51
3105,A51_A52
14214,A51_A53
6510,A51_A54
5768,A51_A55
5874,A51_A56
5173,A51_A57
4172,A51_A58
2120,A51_A59
8445,A51_A60
1222,A51_A61
608,A51_A62
6698,A51_A63
3012,A51_A64
4207,A51_A65
5049,A51_A66
4109,A51_A67
21040,A51_A68
1875,A51_A69
5197,A51_A70
5518,A51_A71
13737,A51_A72
6007,A51_A73
2099,A51_A74
5133,A51_A75
5770,A51_A76
21020,A51_A77
1099,A51_A78
2319,A51_A79
6207,A51_A80
7590,A51_A81
3662,A51_A82
4855,A51_A83
7441,A51_A84
5204,A51_A85
1829,A51_A86
3274,A51_A87
3853,A51_A88
4229,A51_A89
4164,A51_A90
3579,A51_A91
8750,A51_A92
7813,A51_A93
5612,A51_A94
2676,A51_A95
7640,A51_A96
2902,A51_A97
2960,A51_A98
4031,A51_A99
3937,A51_A100
0,A52_A52
11369,A52_A53
3455,A52_A54
3163,A52_A55
2810,A52_A56
2121,A52_A57
1141,A52_A58
1675,A52_A59
5788,A52_A60
2241,A52_A61
3267,A52_A62
4180,A52_A63
631,A52_A64
1303,A52_A65
2525,A52_A66
1152,A52_A67
19927,A52_A68
1270,A52_A69
2662,A52_A70
3048,A52_A71
10705,A52_A72
2952,A52_A73
1548,A52_A74
2483,A52_A75
3177,A52_A76
19911,A52_A77
2490,A52_A78
1642,A52_A79
3231,A52_A80
4594,A52_A81
558,A52_A82
2701,A52_A83
4425,A52_A84
2235,A52_A85
1667,A52_A86
2054,A52_A87
901,A52_A88
1595,A52_A89
1066,A52_A90
1581,A52_A91
5821,A52_A92
4771,A52_A93
2603,A52_A94
1046,A52_A95
5036,A52_A96
282,A52_A97
151,A52_A98
1615,A52_A99
833,A52_A100
0,A53_A53
8032,A53_A54
8453,A53_A55
8655,A53_A56
9287,A53_A57
10230,A53_A58
12129,A53_A59
5823,A53_A60
13593,A53_A61
14537,A53_A62
7587,A53_A63
11252,A53_A64
10097,A53_A65
9172,A53_A66
10229,A53_A67
24557,A53_A68
12397,A53_A69
9025,A53_A70
8729,A53_A71
2489,A53_A72
8501,A53_A73
12894,A53_A74
9081,A53_A75
8454,A53_A76
24553,A53_A77
13841,A53_A78
12922,A53_A79
8147,A53_A80
6830,A53_A81
10895,A53_A82
9464,A53_A83
7028,A53_A84
9135,A53_A85
13036,A53_A86
11112,A53_A87
10489,A53_A88
9993,A53_A89
10504,A53_A90
10654,A53_A91
5562,A53_A92
6770,A53_A93
8782,A53_A94
12287,A53_A95
6636,A53_A96
11474,A53_A97
11517,A53_A98
10183,A53_A99
10611,A53_A100
0,A54_A54
1843,A54_A55
645,A54_A56
1339,A54_A57
2341,A54_A58
4638,A54_A59
2996,A54_A60
5691,A54_A61
6718,A54_A62
2262,A54_A63
3514,A54_A64
2327,A54_A65
2168,A54_A66
2406,A54_A67
20059,A54_A68
4635,A54_A69
2102,A54_A70
2174,A54_A71
7250,A54_A72
504,A54_A73
4915,A54_A74
1918,A54_A75
1876,A54_A76
20047,A54_A77
5940,A54_A78
4916,A54_A79
574,A54_A80
1205,A54_A81
2931,A54_A82
2809,A54_A83
1004,A54_A84
1355,A54_A85
5085,A54_A86
4023,A54_A87
2659,A54_A88
2476,A54_A89
2495,A54_A90
3325,A54_A91
2488,A54_A92
1317,A54_A93
927,A54_A94
4285,A54_A95
2540,A54_A96
3619,A54_A97
3606,A54_A98
2782,A54_A99
2642,A54_A100
0,A55_A55
1705,A55_A56
1677,A55_A57
2147,A55_A58
3676,A55_A59
2687,A55_A60
5256,A55_A61
6124,A55_A62
1018,A55_A63
2881,A55_A64
1881,A55_A65
720,A55_A66
2050,A55_A67
21646,A55_A68
3995,A55_A69
573,A55_A70
368,A55_A71
8193,A55_A72
1658,A55_A73
4699,A55_A74
681,A55_A75
34,A55_A76
21633,A55_A77
5496,A55_A78
4805,A55_A79
1270,A55_A80
2249,A55_A81
2841,A55_A82
1144,A55_A83
2214,A55_A84
1302,A55_A85
4780,A55_A86
2715,A55_A87
2273,A55_A88
1606,A55_A89
2671,A55_A90
2201,A55_A91
3127,A55_A92
2638,A55_A93
1360,A55_A94
4196,A55_A95
1898,A55_A96
3184,A55_A97
3293,A55_A98
1744,A55_A99
2616,A55_A100
0,A56_A56
701,A56_A57
1702,A56_A58
4035,A56_A59
3445,A56_A60
5046,A56_A61
6075,A56_A62
2394,A56_A63
2888,A56_A64
1714,A56_A65
1812,A56_A66
1779,A56_A67
19963,A56_A68
3999,A56_A69
1786,A56_A70
1966,A56_A71
7895,A56_A72
156,A56_A73
4272,A56_A74
1550,A56_A75
1739,A56_A76
19950,A56_A77
5295,A56_A78
4278,A56_A79
657,A56_A80
1826,A56_A81
2286,A56_A82
2466,A56_A83
1636,A56_A84
799,A56_A85
4441,A56_A86
3500,A56_A87
2027,A56_A88
1925,A56_A89
1855,A56_A90
2780,A56_A91
3098,A56_A92
1962,A56_A93
412,A56_A94
3645,A56_A95
2880,A56_A96
2978,A56_A97
2961,A56_A98
2244,A56_A99
1997,A56_A100
0,A57_A57
1002,A57_A58
3346,A57_A59
3897,A57_A60
4361,A57_A61
5381,A57_A62
2578,A57_A63
2188,A57_A64
1027,A57_A65
1492,A57_A66
1080,A57_A67
20032,A57_A68
3298,A57_A69
1524,A57_A70
1819,A57_A71
8586,A57_A72
835,A57_A73
3611,A57_A74
1250,A57_A75
1708,A57_A76
20018,A57_A77
4610,A57_A78
3635,A57_A79
1149,A57_A80
2479,A57_A81
1613,A57_A82
2106,A57_A83
2304,A57_A84
382,A57_A85
3768,A57_A86
2890,A57_A87
1326,A57_A88
1313,A57_A89
1229,A57_A90
2155,A57_A91
3726,A57_A92
2651,A57_A93
515,A57_A94
2999,A57_A95
3241,A57_A96
2280,A57_A97
2272,A57_A98
1640,A57_A99
1326,A57_A100
0,A58_A58
2400,A58_A59
4690,A58_A60
3378,A58_A61
4383,A58_A62
3158,A58_A63
1205,A58_A64
337,A58_A65
1618,A58_A66
199,A58_A67
20104,A58_A68
2297,A58_A69
1730,A58_A70
2114,A58_A71
9584,A58_A72
1836,A58_A73
2671,A58_A74
1497,A58_A75
2167,A58_A76
20090,A58_A77
3627,A58_A78
2730,A58_A79
2091,A58_A80
3458,A58_A81
704,A58_A82
2013,A58_A83
3293,A58_A84
1096,A58_A85
2806,A58_A86
2170,A58_A87
345,A58_A88
845,A58_A89
607,A58_A90
1450,A58_A91
4680,A58_A92
3650,A58_A93
1465,A58_A94
2100,A58_A95
3963,A58_A96
1280,A58_A97
1290,A58_A98
1088,A58_A99
472,A58_A100
0,A59_A59
6338,A59_A60
1990,A59_A61
2558,A59_A62
4584,A59_A63
1218,A59_A64
2322,A59_A65
2957,A59_A66
2276,A59_A67
21352,A59_A68
834,A59_A69
3103,A59_A70
3410,A59_A71
11762,A59_A72
4147,A59_A73
2022,A59_A74
3067,A59_A75
3675,A59_A76
21335,A59_A77
2170,A59_A78
2286,A59_A79
4256,A59_A80
5625,A59_A81
2153,A59_A82
2735,A59_A83
5498,A59_A84
3286,A59_A85
1891,A59_A86
1196,A59_A87
2055,A59_A88
2211,A59_A89
2636,A59_A90
1475,A59_A91
6724,A59_A92
5894,A59_A93
3712,A59_A94
2077,A59_A95
5529,A59_A96
1393,A59_A97
1594,A59_A98
1966,A59_A99
2353,A59_A100
0,A60_A60
7935,A60_A61
8810,A60_A62
1765,A60_A63
5561,A60_A64
4486,A60_A65
3402,A60_A66
4640,A60_A67
22696,A60_A68
6682,A60_A69
3253,A60_A70
2929,A60_A71
5924,A60_A72
3299,A60_A73
7336,A60_A74
3353,A60_A75
2683,A60_A76
22686,A60_A77
8177,A60_A78
7416,A60_A79
2801,A60_A80
2052,A60_A81
5392,A60_A82
3643,A60_A83
2256,A60_A84
3633,A60_A85
7437,A60_A86
5291,A60_A87
4887,A60_A88
4283,A60_A89
5103,A60_A90
4867,A60_A91
1459,A60_A92
2373,A60_A93
3392,A60_A94
6789,A60_A95
814,A60_A96
5841,A60_A97
5927,A60_A98
4430,A60_A99
5131,A60_A100
0,A61_A61
1098,A61_A62
6247,A61_A63
2375,A61_A64
3497,A61_A65
4558,A61_A66
3365,A61_A67
19976,A61_A68
1307,A61_A69
4706,A61_A70
5068,A61_A71
12939,A61_A72
5190,A61_A73
917,A61_A74
4583,A61_A75
5264,A61_A76
19957,A61_A77
249,A61_A78
1107,A61_A79
5468,A61_A80
6835,A61_A81
2762,A61_A82
4521,A61_A83
6665,A61_A84
4466,A61_A85
664,A61_A86
3159,A61_A87
3105,A61_A88
3653,A61_A89
3231,A61_A90
3204,A61_A91
8055,A61_A92
7007,A61_A93
4843,A61_A94
1552,A61_A95
7154,A61_A96
2118,A61_A97
2090,A61_A98
3536,A61_A99
3051,A61_A100
0,A62_A62
7082,A62_A63
3286,A62_A64
4462,A62_A65
5409,A62_A66
4347,A62_A67
20544,A62_A68
2140,A62_A69
5558,A62_A70
5897,A62_A71
13967,A62_A72
6214,A62_A73
2011,A62_A74
5469,A62_A75
6127,A62_A76
20525,A62_A77
879,A62_A78
2175,A62_A79
6458,A62_A80
7836,A62_A81
3808,A62_A82
5273,A62_A83
7676,A62_A84
5452,A62_A85
1762,A62_A86
3746,A62_A87
4086,A62_A88
4547,A62_A89
4293,A62_A90
3969,A62_A91
9031,A62_A92
8032,A62_A93
5845,A62_A94
2650,A62_A95
8013,A62_A96
3104,A62_A97
3116,A62_A98
4380,A62_A99
4094,A62_A100
0,A63_A63
3877,A63_A64
2899,A63_A65
1689,A63_A66
3067,A63_A67
22311,A63_A68
4970,A63_A69
1542,A63_A70
1185,A63_A71
7535,A63_A72
2294,A63_A73
5713,A63_A74
1697,A63_A75
1003,A63_A76
22300,A63_A77
6484,A63_A78
5822,A63_A79
1782,A63_A80
2096,A63_A81
3856,A63_A82
1878,A63_A83
2164,A63_A84
2231,A63_A85
5788,A63_A86
3526,A63_A87
3292,A63_A88
2610,A63_A89
3662,A63_A90
3120,A63_A91
2556,A63_A92
2534,A63_A93
2156,A63_A94
5214,A63_A95
952,A63_A96
4194,A63_A97
4309,A63_A98
2714,A63_A99
3625,A63_A100
0,A64_A64
1196,A64_A65
2188,A64_A66
1110,A64_A67
20557,A64_A68
1149,A64_A69
2335,A64_A70
2704,A64_A71
10725,A64_A72
3013,A64_A73
1887,A64_A74
2208,A64_A75
2890,A64_A76
20542,A64_A77
2616,A64_A78
2053,A64_A79
3195,A64_A80
4578,A64_A81
967,A64_A82
2235,A64_A83
4430,A64_A84
2193,A64_A85
1924,A64_A86
1423,A64_A87
865,A64_A88
1278,A64_A89
1426,A64_A90
1002,A64_A91
5749,A64_A92
4806,A64_A93
2605,A64_A94
1543,A64_A95
4779,A64_A96
425,A64_A97
651,A64_A98
1181,A64_A99
1139,A64_A100
0,A65_A65
1307,A65_A66
174,A65_A67
20436,A65_A68
2338,A65_A69
1427,A65_A70
1815,A65_A71
9530,A65_A72
1830,A65_A73
2851,A65_A74
1212,A65_A75
1899,A65_A76
20421,A65_A77
3744,A65_A78
2936,A65_A79
2001,A65_A80
3383,A65_A81
968,A65_A82
1676,A65_A83
3234,A65_A84
997,A65_A85
2960,A65_A86
1936,A65_A87
401,A65_A88
510,A65_A89
944,A65_A90
1199,A65_A91
4569,A65_A92
3611,A65_A93
1410,A65_A94
2319,A65_A95
3737,A65_A96
1378,A65_A97
1443,A65_A98
777,A65_A99
784,A65_A100
0,A66_A66
1481,A66_A67
21506,A66_A68
3286,A66_A69
149,A66_A70
524,A66_A71
8875,A66_A72
1828,A66_A73
4039,A66_A74
262,A66_A75
721,A66_A76
21493,A66_A77
4796,A66_A78
4162,A66_A79
1623,A66_A80
2836,A66_A81
2272,A66_A82
655,A66_A83
2762,A66_A84
1129,A66_A85
4104,A66_A86
2031,A66_A87
1668,A66_A88
933,A66_A89
2201,A66_A90
1483,A66_A91
3811,A66_A92
3185,A66_A93
1403,A66_A94
3569,A66_A95
2605,A66_A96
2516,A66_A97
2646,A66_A98
1030,A66_A99
2086,A66_A100
0,A67_A67
20299,A67_A68
2235,A67_A69
1601,A67_A70
1989,A67_A71
9631,A67_A72
1904,A67_A73
2699,A67_A74
1384,A67_A75
2068,A67_A76
20284,A67_A77
3613,A67_A78
2777,A67_A79
2112,A67_A80
3491,A67_A81
795,A67_A82
1838,A67_A83
3335,A67_A84
1105,A67_A85
2816,A67_A86
1984,A67_A87
261,A67_A88
658,A67_A89
792,A67_A90
1258,A67_A91
4692,A67_A92
3703,A67_A93
1504,A67_A94
2156,A67_A95
3898,A67_A96
1249,A67_A97
1295,A67_A98
891,A67_A99
614,A67_A100
0,A68_A68
20556,A68_A69
21553,A68_A70
21844,A68_A71
22165,A68_A72
20040,A68_A73
19437,A68_A74
21278,A68_A75
21679,A68_A76
29,A68_A77
19997,A68_A78
19157,A68_A79
20534,A68_A80
20673,A68_A81
19731,A68_A82
22059,A68_A83
20490,A68_A84
20411,A68_A85
19651,A68_A86
21979,A68_A87
20273,A68_A88
20946,A68_A89
19512,A68_A90
21413,A68_A91
21436,A68_A92
20324,A68_A93
20286,A68_A94
19275,A68_A95
22509,A68_A96
20170,A68_A97
19932,A68_A98
21184,A68_A99
19745,A68_A100
0,A69_A69
3434,A69_A70
3786,A69_A71
11865,A69_A72
4131,A69_A73
1188,A69_A74
3334,A69_A75
4001,A69_A76
20539,A69_A77
1529,A69_A78
1453,A69_A79
4339,A69_A80
5721,A69_A81
1826,A69_A82
3216,A69_A83
5569,A69_A84
3334,A69_A85
1071,A69_A86
1895,A69_A87
1978,A69_A88
2408,A69_A89
2335,A69_A90
1898,A69_A91
6898,A69_A92
5938,A69_A93
3738,A69_A94
1306,A69_A95
5890,A69_A96
1038,A69_A97
1137,A69_A98
2257,A69_A99
2088,A69_A100
0,A70_A70
389,A70_A71
8741,A70_A72
1789,A70_A73
4181,A70_A74
275,A70_A75
573,A70_A76
21540,A70_A77
4944,A70_A78
4301,A70_A79
1546,A70_A80
2721,A70_A81
2395,A70_A82
708,A70_A83
2655,A70_A84
1150,A70_A85
4248,A70_A86
2163,A70_A87
1797,A70_A88
1074,A70_A89
2303,A70_A90
1629,A70_A91
3675,A70_A92
3080,A70_A93
1383,A70_A94
3705,A70_A95
2456,A70_A96
2659,A70_A97
2785,A70_A98
1178,A70_A99
2200,A70_A100
0,A71_A71
8528,A71_A72
1940,A71_A73
4561,A71_A74
626,A71_A75
345,A71_A76
21831,A71_A77
5303,A71_A78
4686,A71_A79
1600,A71_A80
2617,A71_A81
2784,A71_A82
789,A71_A83
2582,A71_A84
1437,A71_A85
4623,A71_A86
2399,A71_A87
2186,A71_A88
1456,A71_A89
2679,A71_A90
1939,A71_A91
3466,A71_A92
3006,A71_A93
1588,A71_A94
4092,A71_A95
2121,A71_A96
3038,A71_A97
3169,A71_A98
1532,A71_A99
2585,A71_A100
0,A72_A72
7753,A72_A73
12142,A72_A74
8721,A72_A75
8204,A72_A76
22162,A72_A77
13188,A72_A78
12118,A72_A79
7531,A72_A80
6149,A72_A81
10177,A72_A82
9313,A72_A83
6297,A72_A84
8533,A72_A85
12325,A72_A86
10904,A72_A87
9890,A72_A88
9553,A72_A89
9722,A72_A90
10325,A72_A91
5067,A72_A92
5935,A72_A93
8127,A72_A94
11498,A72_A95
6660,A72_A96
10864,A72_A97
10856,A72_A98
9803,A72_A99
9888,A72_A100
0,A73_A73
4422,A73_A74
1567,A73_A75
1692,A73_A76
20028,A73_A77
5439,A73_A78
4430,A73_A79
529,A73_A80
1672,A73_A81
2432,A73_A82
2482,A73_A83
1485,A73_A84
881,A73_A85
4588,A73_A86
3579,A73_A87
2155,A73_A88
2011,A73_A89
2007,A73_A90
2866,A73_A91
2943,A73_A92
1818,A73_A93
463,A73_A94
3797,A73_A95
2747,A73_A96
3115,A73_A97
3103,A73_A98
2326,A73_A99
2143,A73_A100
0,A74_A74
4019,A74_A75
4712,A74_A76
19420,A74_A77
1135,A74_A78
281,A74_A79
4747,A74_A80
6088,A74_A81
1999,A74_A82
4122,A74_A83
5907,A74_A84
3766,A74_A85
270,A74_A86
3020,A74_A87
2449,A74_A88
3107,A74_A89
2423,A74_A90
2852,A74_A91
7335,A74_A92
6228,A74_A93
4112,A74_A94
657,A74_A95
6581,A74_A96
1523,A74_A97
1410,A74_A98
3062,A74_A99
2285,A74_A100
0,A75_A75
694,A75_A76
21265,A75_A77
4825,A75_A78
4126,A75_A79
1384,A75_A80
2640,A75_A81
2179,A75_A82
917,A75_A83
2554,A75_A84
879,A75_A85
4100,A75_A86
2209,A75_A87
1598,A75_A88
930,A75_A89
2054,A75_A90
1606,A75_A91
3665,A75_A92
2974,A75_A93
1141,A75_A94
3519,A75_A95
2573,A75_A96
2504,A75_A97
2613,A75_A98
1105,A75_A99
1968,A75_A100
0,A76_A76
21667,A76_A77
5504,A76_A78
4819,A76_A79
1303,A76_A80
2272,A76_A81
2860,A76_A82
1127,A76_A83
2239,A76_A84
1332,A76_A85
4791,A76_A86
2706,A76_A87
2289,A76_A88
1615,A76_A89
2694,A76_A90
2199,A76_A91
3138,A76_A92
2662,A76_A93
1394,A76_A94
4211,A76_A95
1891,A76_A96
3195,A76_A97
3307,A76_A98
1747,A76_A99
2637,A76_A100
0,A77_A77
19978,A77_A78
19139,A77_A79
20522,A77_A80
20662,A77_A81
19716,A77_A82
22045,A77_A83
20480,A77_A84
20398,A77_A85
19634,A77_A86
21963,A77_A87
20258,A77_A88
20931,A77_A89
19497,A77_A90
21398,A77_A91
21427,A77_A92
20314,A77_A93
20273,A77_A94
19258,A77_A95
22498,A77_A96
20154,A77_A97
19916,A77_A98
21169,A77_A99
19730,A77_A100
0,A78_A78
1298,A78_A79
5717,A78_A80
7084,A78_A81
3011,A78_A82
4746,A78_A83
6914,A78_A84
4715,A78_A85
895,A78_A86
3353,A78_A87
3353,A78_A88
3895,A78_A89
3478,A78_A90
3427,A78_A91
8304,A78_A92
7256,A78_A93
5092,A78_A94
1782,A78_A95
7394,A78_A96
2366,A78_A97
2339,A78_A98
3771,A78_A99
3300,A78_A100
0,A79_A79
4780,A79_A80
6101,A79_A81
2038,A79_A82
4283,A79_A83
5914,A79_A84
3816,A79_A85
524,A79_A86
3250,A79_A87
2537,A79_A88
3229,A79_A89
2423,A79_A90
3038,A79_A91
7361,A79_A92
6223,A79_A93
4143,A79_A94
636,A79_A95
6673,A79_A96
1662,A79_A97
1516,A79_A98
3210,A79_A99
2316,A79_A100
0,A80_A80
1383,A80_A81
2749,A80_A82
2254,A80_A83
1243,A80_A84
1007,A80_A85
4893,A80_A86
3549,A80_A87
2373,A80_A88
2052,A80_A89
2377,A80_A90
2879,A80_A91
2591,A80_A92
1642,A80_A93
637,A80_A94
4144,A80_A95
2223,A80_A96
3359,A80_A97
3381,A80_A98
2336,A80_A99
2465,A80_A100
0,A81_A81
4092,A81_A82
3385,A81_A83
223,A81_A84
2387,A81_A85
6246,A81_A86
4849,A81_A87
3751,A81_A88
3415,A81_A89
3679,A81_A90
4216,A81_A91
1284,A81_A92
439,A81_A93
1993,A81_A94
5467,A81_A95
1882,A81_A96
4734,A81_A97
4745,A81_A98
3681,A81_A99
3804,A81_A100
0,A82_A82
2575,A82_A83
3914,A82_A84
1778,A82_A85
2156,A82_A86
2294,A82_A87
620,A82_A88
1395,A82_A89
509,A82_A90
1682,A82_A91
5337,A82_A92
4248,A82_A93
2113,A82_A94
1404,A82_A95
4667,A82_A96
800,A82_A97
702,A82_A98
1527,A82_A99
289,A82_A100
0,A83_A83
3335,A83_A84
1760,A83_A85
4145,A83_A86
1648,A83_A87
1956,A83_A88
1186,A83_A89
2619,A83_A90
1318,A83_A91
4253,A83_A92
3760,A83_A93
2056,A83_A94
3735,A83_A95
2829,A83_A96
2623,A83_A97
2797,A83_A98
1086,A83_A99
2447,A83_A100
0,A84_A84
2237,A84_A85
6070,A84_A86
4757,A84_A87
3594,A84_A88
3292,A84_A89
3492,A84_A90
4108,A84_A91
1495,A84_A92
425,A84_A93
1832,A84_A94
5282,A84_A95
2038,A84_A96
4572,A84_A97
4575,A84_A98
3569,A84_A99
3625,A84_A100
0,A85_A85
3901,A85_A86
2702,A85_A87
1366,A85_A88
1130,A85_A89
1473,A85_A90
1985,A85_A91
3589,A85_A92
2618,A85_A93
427,A85_A94
3182,A85_A95
2942,A85_A96
2353,A85_A97
2383,A85_A98
1447,A85_A99
1505,A85_A100
0,A86_A86
2952,A86_A87
2560,A86_A88
3178,A86_A89
2604,A86_A90
2851,A86_A91
7483,A86_A92
6401,A86_A93
4261,A86_A94
889,A86_A95
6672,A86_A96
1598,A86_A97
1521,A86_A98
3106,A86_A99
2445,A86_A100
0,A87_A87
1877,A87_A88
1581,A87_A89
2641,A87_A90
739,A87_A91
5837,A87_A92
5174,A87_A93
3117,A87_A94
2865,A87_A95
4478,A87_A96
1825,A87_A97
2062,A87_A98
1257,A87_A99
2361,A87_A100
0,A88_A88
775,A88_A89
780,A88_A90
1183,A88_A91
4953,A88_A92
3960,A88_A93
1762,A88_A94
1922,A88_A95
4137,A88_A96
988,A88_A97
1042,A88_A98
925,A88_A99
529,A88_A100
0,A89_A89
1449,A89_A90
856,A89_A91
4527,A89_A92
3694,A89_A93
1554,A89_A94
2640,A89_A95
3502,A89_A96
1585,A89_A97
1713,A89_A98
327,A89_A99
1262,A89_A100
0,A90_A90
1961,A90_A91
4943,A90_A92
3806,A90_A93
1743,A90_A94
1790,A90_A95
4413,A90_A96
1308,A90_A97
1207,A90_A98
1672,A90_A99
290,A90_A100
0,A91_A91
5271,A91_A92
4518,A91_A93
2407,A91_A94
2545,A91_A95
4060,A91_A96
1424,A91_A97
1637,A91_A98
544,A91_A99
1696,A91_A100
0,A92_A92
1343,A92_A93
3224,A92_A94
6725,A92_A95
1845,A92_A96
5941,A92_A97
5970,A92_A98
4759,A92_A99
5051,A92_A100
0,A93_A93
2202,A93_A94
5594,A93_A95
2291,A93_A96
4930,A93_A97
4921,A93_A98
3977,A93_A99
3958,A93_A100
0,A94_A94
3507,A94_A95
2755,A94_A96
2741,A94_A97
2753,A94_A98
1866,A94_A99
1829,A94_A100
0,A95_A95
6053,A95_A96
1125,A95_A97
939,A95_A98
2652,A95_A99
1681,A95_A100
0,A96_A96
5074,A96_A97
5172,A96_A98
3635,A96_A99
4416,A96_A100
0,A97_A97
238,A97_A98
1548,A97_A99
1051,A97_A100
0,A98_A98
1713,A98_A99
981,A98_A100
0,A99_A99
1449,A99_A100
0,A100_A100
