bay_id,st_marker_id,status,location,lat,lon
0,9578,Present,"-37.80440338694197, 144.9494842784271",-37.80440338694197,144.9494842784271
1,9584,Unoccupied,"-37.80398867559876, 144.94955668232427",-37.80398867559876,144.94955668232427
2,9585,Present,"-37.803935732260236, 144.9495660151194",-37.80393573226024,144.9495660151194
3,9586,Present,"-37.803883691832866, 144.94957518890342",-37.80388369183287,144.94957518890342
4,9587,Present,"-37.803832609113684, 144.9495841876629",-37.80383260911368,144.9495841876629
5,9588,Unoccupied,"-37.8037793010183, 144.9495935863282",-37.8037793010183,144.9495935863282
6,9589,Unoccupied,"-37.80367265536506, 144.94961237846388",-37.80367265536506,144.94961237846388
7,9603,Unoccupied,"-37.80439102486007, 144.94929576524427",-37.80439102486007,144.94929576524427
8,9607,Present,"-37.803651217452476, 144.949426121253",-37.80365121745248,144.949426121253
9,9611,Present,"-37.80386652941909, 144.94938816664995",-37.80386652941909,144.94938816664995
10,9612,Unoccupied,"-37.80391962005699, 144.9493788083829",-37.80391962005699,144.9493788083829
11,9625,Present,"-37.80495099496139, 144.9485494257957",-37.80495099496139,144.9485494257957
12,9627,Unoccupied,"-37.80494466131013, 144.94849320946233",-37.80494466131013,144.94849320946233
13,9643,Unoccupied,"-37.80505245632691, 144.94852597974332",-37.80505245632691,144.94852597974332
14,10714,Present,"-37.80350116206802, 144.9511721702687",-37.80350116206802,144.9511721702687
15,10716,Unoccupied,"-37.80374254791472, 144.9511294980852",-37.80374254791472,144.9511294980852
16,10719,Present,"-37.804147156345856, 144.95105782046332",-37.804147156345856,144.95105782046332
17,10722,Unoccupied,"-37.80433377714455, 144.95102483171047",-37.80433377714455,144.95102483171047
18,10723,Unoccupied,"-37.804387505996274, 144.95101533251238",-37.804387505996274,144.95101533251238
19,10724,Present,"-37.80444109490541, 144.951005876137",-37.80444109490541,144.951005876137
20,10745,Present,"-37.80362221324624, 144.95091545415664",-37.80362221324624,144.95091545415664
21,10882,Unoccupied,"-37.805406717528456, 144.9503505708467",-37.805406717528456,144.9503505708467
22,10883,Present,"-37.80540984889329, 144.95037777170694",-37.80540984889329,144.95037777170694
23,10884,Present,"-37.80541295285835, 144.9504049720146",-37.80541295285835,144.9504049720146
24,10888,Unoccupied,"-37.80542553034525, 144.95051288202038",-37.80542553034525,144.95051288202038
25,10890,Unoccupied,"-37.805494363984664, 144.9502518374327",-37.80549436398466,144.9502518374327
26,10899,Unoccupied,"-37.80552193688354, 144.95049677211705",-37.80552193688354,144.95049677211705
27,10900,Present,"-37.80539150878798, 144.95012894186425",-37.80539150878798,144.95012894186425
28,10906,Unoccupied,"-37.8055238413645, 144.95010716973724",-37.8055238413645,144.95010716973724
29,11178,Unoccupied,"-37.8032383292323, 144.9482042374083",-37.8032383292323,144.9482042374083
30,11179,Unoccupied,"-37.80329463675929, 144.94819413029722",-37.80329463675929,144.94819413029722
31,11477,Unoccupied,"-37.80310577201911, 144.95023223730664",-37.80310577201911,144.95023223730664
32,11478,Unoccupied,"-37.80310926360784, 144.95026335129603",-37.80310926360784,144.95026335129603
33,11480,Unoccupied,"-37.80312643181887, 144.95041638830074",-37.80312643181887,144.95041638830074
34,11484,Unoccupied,"-37.80313979406547, 144.95053760258838",-37.80313979406547,144.95053760258838
35,11485,Unoccupied,"-37.80314332178986, 144.9505702824386",-37.80314332178986,144.9505702824386
36,11488,Unoccupied,"-37.803157577857576, 144.95069957502182",-37.803157577857576,144.95069957502182
37,11795,Present,"-37.800484383663054, 144.9557617958697",-37.800484383663054,144.9557617958697
38,11878,Present,"-37.80082886851308, 144.95619182890198",-37.80082886851308,144.95619182890198
39,11928,Unoccupied,"-37.80152838412059, 144.95460969136715",-37.80152838412059,144.95460969136715
40,11932,Present,"-37.80122385667805, 144.95499477056097",-37.80122385667805,144.95499477056097
41,11943,Present,"-37.80156351641608, 144.95489731775515",-37.80156351641608,144.95489731775515
42,12090,Present,"-37.80035156753845, 144.95430653433294",-37.80035156753845,144.95430653433294
43,12091,Present,"-37.80047784864608, 144.95414488358793",-37.80047784864608,144.95414488358793
44,12092,Present,"-37.80051597147116, 144.95409656116067",-37.80051597147116,144.95409656116067
45,12094,Present,"-37.80059855432455, 144.9539918855569",-37.80059855432455,144.9539918855569
46,12125,Unoccupied,"-37.79883325241242, 144.95180484229434",-37.79883325241242,144.95180484229434
47,12286,Present,"-37.79954466358452, 144.95286625789464",-37.79954466358452,144.95286625789464
48,12288,Present,"-37.79946438860182, 144.9529675395185",-37.79946438860182,144.9529675395185
49,13911,Present,"-37.802139421346695, 144.95597162202563",-37.802139421346695,144.95597162202563
50,18690,Present,"-37.80094521220242, 144.95633776321665",-37.80094521220242,144.95633776321665
51,22020,Unoccupied,"-37.7991279797034, 144.95372184742118",-37.7991279797034,144.95372184742118
52,21965,Present,"-37.80120374118184, 144.95535310063323",-37.80120374118184,144.95535310063323
53,21966,Present,"-37.80116560317752, 144.9554013846141",-37.80116560317752,144.9554013846141
54,18541,Unoccupied,"-37.82036118766382, 144.94934658436222",-37.82036118766382,144.94934658436222
55,18543,Present,"-37.82032504158805, 144.94947200079122",-37.82032504158805,144.94947200079122
56,18591,Unoccupied,"-37.819298264946426, 144.94842308337525",-37.819298264946426,144.94842308337525
57,18587,Present,"-37.8190753803286, 144.94841441212307",-37.8190753803286,144.94841441212307
58,18216,Present,"-37.81904291452686, 144.9486263156918",-37.81904291452686,144.9486263156918
59,18219,Present,"-37.81888081526091, 144.9486200029093",-37.81888081526091,144.9486200029093
60,18578,Present,"-37.81947516936889, 144.94864299122224",-37.81947516936889,144.94864299122224
61,18572,Present,"-37.819150974190535, 144.9486304824879",-37.819150974190535,144.9486304824879
62,18574,Unoccupied,"-37.81925903876768, 144.9486346230608",-37.81925903876768,144.9486346230608
63,20585,Unoccupied,"-37.821157764096235, 144.94720063255332",-37.82115776409624,144.94720063255332
64,20615,Unoccupied,"-37.819488421546396, 144.94367189499434",-37.8194884215464,144.94367189499434
65,20616,Unoccupied,"-37.81943255084539, 144.9436462355852",-37.81943255084539,144.9436462355852
66,20905,Unoccupied,"-37.819787903901265, 144.94535961530102",-37.81978790390127,144.94535961530102
67,20918,Unoccupied,"-37.82034602968902, 144.94540985617547",-37.82034602968902,144.94540985617547
68,20902,Unoccupied,"-37.81905277938037, 144.94427899372255",-37.81905277938037,144.94427899372255
69,20587,Unoccupied,"-37.82022609875878, 144.94732041459912",-37.82022609875878,144.94732041459912
70,20593,Unoccupied,"-37.81976625800448, 144.94712610154536",-37.81976625800448,144.94712610154536
71,20594,Unoccupied,"-37.819681112971296, 144.94708588417404",-37.819681112971296,144.94708588417404
72,21487,Unoccupied,"-37.81995484402639, 144.94701032999654",-37.81995484402639,144.94701032999654
73,20610,Unoccupied,"-37.82098021717879, 144.94532883160008",-37.82098021717879,144.94532883160008
74,20611,Present,"-37.820968411144975, 144.94542171622925",-37.820968411144975,144.94542171622925
75,20602,Present,"-37.820276033421884, 144.9444437103526",-37.82027603342189,144.9444437103526
76,20606,Unoccupied,"-37.82030601649336, 144.94455974638834",-37.82030601649336,144.94455974638834
77,20619,Unoccupied,"-37.819574174483726, 144.94585871569194",-37.819574174483726,144.94585871569194
78,20620,Unoccupied,"-37.819628379328385, 144.94587207423348",-37.81962837932839,144.94587207423348
79,20923,Present,"-37.82031472881724, 144.946051358879",-37.82031472881724,144.946051358879
80,15329,Unoccupied,"-37.818685332033624, 144.94808038310032",-37.81868533203362,144.94808038310032
81,13468,Unoccupied,"-37.81928509171959, 144.9456648823642",-37.81928509171959,144.9456648823642
82,13462,Unoccupied,"-37.81934787252672, 144.94544727639087",-37.81934787252672,144.9454472763909
83,13474,Unoccupied,"-37.819224043291186, 144.94587653547987",-37.81922404329119,144.94587653547987
84,13459,Unoccupied,"-37.81945306092163, 144.94508390432554",-37.81945306092163,144.94508390432554
85,13458,Present,"-37.819462228059706, 144.94505207133466",-37.819462228059706,144.94505207133466
86,20873,Present,"-37.81965171259904, 144.94522942383873",-37.81965171259904,144.94522942383873
87,23327,Present,"-37.81435616659575, 144.94702122484716",-37.81435616659575,144.94702122484716
88,23809,Unoccupied,"-37.801540753735395, 144.95657406700008",-37.8015407537354,144.95657406700008
89,23813,Unoccupied,"-37.801752658776124, 144.95653692637592",-37.80175265877613,144.95653692637592
90,23814,Unoccupied,"-37.801804011275756, 144.9565276642555",-37.80180401127576,144.9565276642555
91,23818,Unoccupied,"-37.802259120145905, 144.956111416491",-37.80225912014591,144.956111416491
92,23820,Unoccupied,"-37.80229572545588, 144.95606434069094",-37.80229572545588,144.95606434069094
93,23822,Unoccupied,"-37.80233233074564, 144.9560174801706",-37.80233233074564,144.9560174801706
94,12374,Present,"-37.80272051016685, 144.9558265785349",-37.80272051016685,144.9558265785349
95,23854,Unoccupied,"-37.81594993614149, 144.94548317121416",-37.81594993614149,144.94548317121416
96,23949,Present,"-37.814009654929826, 144.94250274022065",-37.81400965492983,144.94250274022065
97,23950,Present,"-37.81395547303987, 144.94241936136666",-37.81395547303987,144.94241936136666
98,13422,Present,"-37.819651735483134, 144.9443942508119",-37.819651735483134,144.9443942508119
99,13421,Present,"-37.81966017751691, 144.94436525980058",-37.81966017751691,144.94436525980058
100,13419,Present,"-37.81967704280686, 144.94430733730348",-37.81967704280686,144.94430733730348
101,13409,Unoccupied,"-37.81976057027469, 144.9440204565685",-37.81976057027469,144.9440204565685
102,13406,Unoccupied,"-37.81979073706932, 144.9439168233416",-37.81979073706932,144.9439168233416
103,13445,Unoccupied,"-37.81958204930639, 144.9443183313782",-37.81958204930639,144.9443183313782
104,13443,Unoccupied,"-37.8196193349215, 144.94419041305463",-37.8196193349215,144.94419041305463
105,9577,Present,"-37.80445744820359, 144.94947479885843",-37.80445744820359,144.94947479885843
106,9602,Unoccupied,"-37.80433748542305, 144.94930520244114",-37.80433748542305,144.94930520244114
107,9614,Present,"-37.80402735287548, 144.94935981771476",-37.80402735287548,144.94935981771476
108,9645,Unoccupied,"-37.80506857670618, 144.94866664392407",-37.80506857670618,144.94866664392407
109,10881,Unoccupied,"-37.8054036903569, 144.95032337641243",-37.8054036903569,144.95032337641243
110,11180,Unoccupied,"-37.80334873390626, 144.94818444750695",-37.80334873390626,144.94818444750695
111,11792,Present,"-37.80036682792239, 144.95561421977789",-37.80036682792239,144.95561421977789
112,11945,Present,"-37.801487464073716, 144.95499366817333",-37.80148746407372,144.95499366817333
113,11946,Unoccupied,"-37.80144941756687, 144.95504183917427",-37.80144941756687,144.95504183917427
114,12080,Present,"-37.80050247808248, 144.9537767273619",-37.80050247808248,144.9537767273619
115,12079,Present,"-37.80054259851089, 144.9537259933569",-37.80054259851089,144.9537259933569
116,20900,Unoccupied,"-37.82104247671526, 144.9469826337899",-37.82104247671526,144.9469826337899
117,20917,Unoccupied,"-37.820407736201105, 144.94542628297077",-37.82040773620111,144.94542628297077
118,20595,Unoccupied,"-37.81961260672621, 144.94705838269516",-37.81961260672621,144.94705838269516
119,21488,Unoccupied,"-37.81988588475426, 144.9469829072478",-37.81988588475426,144.9469829072478
120,21490,Unoccupied,"-37.81973323100084, 144.94691548226297",-37.81973323100084,144.94691548226297
121,20612,Present,"-37.821026782015025, 144.94543750360327",-37.82102678201503,144.94543750360327
122,20922,Unoccupied,"-37.82025386018664, 144.94603543376553",-37.82025386018664,144.94603543376553
123,15334,Unoccupied,"-37.81872821366156, 144.94793249908238",-37.81872821366156,144.94793249908238
124,13469,Unoccupied,"-37.819275643895985, 144.9456976588041",-37.81927564389599,144.9456976588041
125,13450,Present,"-37.8195423167917, 144.94477530907477",-37.8195423167917,144.94477530907477
126,23329,Unoccupied,"-37.814339727847695, 144.94708320619606",-37.814339727847695,144.94708320619606
127,23812,Unoccupied,"-37.80169912578287, 144.95654615974553",-37.80169912578287,144.95654615974553
128,23850,Unoccupied,"-37.81572604089479, 144.94538428508568",-37.81572604089479,144.94538428508568
129,21371,Present,"-37.82015012912085, 144.948668441355",-37.82015012912085,144.948668441355
130,13424,Unoccupied,"-37.81963489144847, 144.944451308009",-37.81963489144847,144.944451308009
131,13909,Unoccupied,"-37.801898950985745, 144.9562881529929",-37.80189895098575,144.9562881529929
132,20927,Unoccupied,"-37.82084640688114, 144.9461931378909",-37.82084640688114,144.9461931378909
133,20929,Present,"-37.82095581172835, 144.94622049774958",-37.82095581172835,144.94622049774958
134,9574,Unoccupied,"-37.80463002780117, 144.94944450508146",-37.80463002780117,144.94944450508146
135,9598,Present,"-37.80469501917062, 144.94924365426698",-37.80469501917062,144.94924365426698
136,9600,Unoccupied,"-37.80423308878802, 144.94932359613344",-37.80423308878802,144.94932359613344
137,9608,Unoccupied,"-37.80370781294397, 144.94941612496342",-37.80370781294397,144.94941612496342
138,9609,Present,"-37.80376226708128, 144.94940653392268",-37.80376226708128,144.94940653392268
139,9613,Unoccupied,"-37.80397337910522, 144.94936933357678",-37.80397337910522,144.94936933357678
140,9624,Unoccupied,"-37.80495564298887, 144.9485910245053",-37.80495564298887,144.9485910245053
141,9626,Unoccupied,"-37.80494784139534, 144.94852131678243",-37.80494784139534,144.94852131678243
142,9631,Unoccupied,"-37.805083836516324, 144.94880681257442",-37.80508383651632,144.94880681257442
143,9632,Present,"-37.805081068143366, 144.9487788128194",-37.805081068143366,144.9487788128194
144,9636,Present,"-37.80503069251948, 144.94832971520822",-37.80503069251948,144.94832971520822
145,9640,Present,"-37.80504337600814, 144.9484417923237",-37.80504337600814,144.9484417923237
146,9641,Unoccupied,"-37.805046533810994, 144.94846991594017",-37.805046533810994,144.94846991594017
147,9642,Present,"-37.80504969278485, 144.9484980089822",-37.80504969278485,144.9484980089822
148,9644,Present,"-37.80507166373267, 144.9486947563273",-37.80507166373267,144.9486947563273
149,9647,Present,"-37.805062289808234, 144.9486104168177",-37.80506228980824,144.9486104168177
150,10717,Present,"-37.80401079230701, 144.95108206912985",-37.80401079230701,144.95108206912985
151,10743,Unoccupied,"-37.80372963656171, 144.95089721142972",-37.80372963656171,144.95089721142972
152,10744,Unoccupied,"-37.80367602238836, 144.95090634361912",-37.80367602238836,144.95090634361912
153,10746,Present,"-37.80357095846333, 144.95092421211004",-37.80357095846333,144.95092421211004
154,10879,Present,"-37.805397537190174, 144.95026895705723",-37.805397537190174,144.95026895705723
155,10887,Unoccupied,"-37.80542226964059, 144.95048654174187",-37.80542226964059,144.95048654174187
156,10892,Unoccupied,"-37.80550059531828, 144.95030623287295",-37.80550059531828,144.95030623287295
157,10894,Unoccupied,"-37.80550689130257, 144.95036062945874",-37.80550689130257,144.95036062945874
158,10898,Unoccupied,"-37.80551921010215, 144.95046942900262",-37.80551921010215,144.95046942900262
159,10903,Unoccupied,"-37.80545683757234, 144.95011819310128",-37.80545683757234,144.95011819310128
160,10904,Unoccupied,"-37.80547917277377, 144.95011451847654",-37.80547917277377,144.95011451847654
161,10907,Unoccupied,"-37.805545544826, 144.95010366625039",-37.805545544826,144.9501036662504
162,11479,Unoccupied,"-37.803112855537535, 144.95029533654306",-37.803112855537535,144.95029533654306
163,11487,Unoccupied,"-37.80315391938805, 144.9506669698116",-37.80315391938805,144.9506669698116
164,11492,Unoccupied,"-37.803171032592175, 144.95081933005127",-37.803171032592175,144.95081933005127
165,11793,Present,"-37.80040641480957, 144.95566384240382",-37.80040641480957,144.95566384240382
166,11877,Unoccupied,"-37.80079242821313, 144.95614574536842",-37.80079242821313,144.95614574536842
167,11929,Present,"-37.80148524368185, 144.95466384555587",-37.80148524368185,144.95466384555587
168,11931,Present,"-37.801264759464125, 144.95494298236872",-37.801264759464125,144.95494298236872
169,11933,Present,"-37.801183307614295, 144.95504610476974",-37.801183307614295,144.95504610476974
170,11935,Present,"-37.80103368452066, 144.95523477367314",-37.80103368452066,144.95523477367314
171,11944,Present,"-37.80152523538792, 144.9549458552513",-37.80152523538792,144.9549458552513
172,12027,Unoccupied,"-37.79825612654797, 144.95296283170154",-37.79825612654797,144.95296283170154
173,12030,Present,"-37.79836018207652, 144.9530937483337",-37.79836018207652,144.9530937483337
174,12077,Present,"-37.800858109380975, 144.95332715579434",-37.800858109380975,144.95332715579434
175,12112,Present,"-37.79857524709373, 144.95213385190985",-37.79857524709373,144.95213385190985
176,12114,Unoccupied,"-37.7986067253065, 144.952093642252",-37.7986067253065,144.952093642252
177,12117,Unoccupied,"-37.798675538123774, 144.9520064148615",-37.798675538123774,144.9520064148615
178,12119,Present,"-37.7987100017332, 144.95196241626329",-37.7987100017332,144.95196241626329
179,12126,Unoccupied,"-37.79885096157331, 144.9517822846044",-37.79885096157331,144.9517822846044
180,12283,Present,"-37.79965966652839, 144.95272030367667",-37.79965966652839,144.95272030367667
181,12285,Present,"-37.79958382022292, 144.9528167454235",-37.79958382022292,144.9528167454235
182,12287,Present,"-37.7995046935481, 144.9529166897519",-37.7995046935481,144.9529166897519
183,12081,Present,"-37.80046255801336, 144.9538275540869",-37.80046255801336,144.9538275540869
184,12298,Unoccupied,"-37.799426230824615, 144.9533427168986",-37.799426230824615,144.9533427168986
185,12292,Present,"-37.79906531334455, 144.95346898088653",-37.79906531334455,144.95346898088653
186,21963,Present,"-37.80127842945463, 144.9552585527158",-37.80127842945463,144.9552585527158
187,21967,Present,"-37.80112746560212, 144.9554496673977",-37.80112746560212,144.9554496673977
188,21968,Present,"-37.80108932843591, 144.955497962312",-37.80108932843591,144.955497962312
189,18590,Unoccupied,"-37.81924197702638, 144.9484209798995",-37.81924197702638,144.9484209798995
190,18589,Unoccupied,"-37.819187943579884, 144.948418843559",-37.81918794357989,144.948418843559
191,18592,Present,"-37.8193568008589, 144.94842514599776",-37.8193568008589,144.94842514599776
192,18576,Present,"-37.81936710612113, 144.94863873122756",-37.81936710612113,144.94863873122756
193,18220,Unoccupied,"-37.818826785262, 144.94861792329436",-37.818826785262,144.94861792329436
194,18217,Present,"-37.818988880693475, 144.9486242286427",-37.81898888069348,144.9486242286427
195,18218,Present,"-37.818934848437664, 144.94862208142743",-37.818934848437664,144.94862208142743
196,18215,Unoccupied,"-37.81909694654909, 144.9486284363632",-37.81909694654909,144.9486284363632
197,20894,Unoccupied,"-37.82117475443626, 144.94714043750957",-37.82117475443626,144.94714043750955
198,20896,Present,"-37.82121167478324, 144.94701233733122",-37.82121167478324,144.94701233733122
199,20899,Unoccupied,"-37.821060399409475, 144.94692003286596",-37.82106039940948,144.94692003286596
200,20904,Unoccupied,"-37.81973544132398, 144.94534572867147",-37.81973544132398,144.94534572867147
201,20906,Unoccupied,"-37.81984521646193, 144.94537478579701",-37.81984521646193,144.945374785797
202,20907,Unoccupied,"-37.81990252902081, 144.94538995632706",-37.81990252902081,144.94538995632706
203,20910,Unoccupied,"-37.820298461121325, 144.9454922179102",-37.820298461121325,144.9454922179102
204,20911,Present,"-37.8203621874668, 144.9455089221716",-37.8203621874668,144.9455089221716
205,20912,Unoccupied,"-37.820430549921866, 144.9455268401686",-37.820430549921866,144.9455268401686
206,20914,Unoccupied,"-37.820596365631886, 144.94547541212518",-37.820596365631886,144.94547541212518
207,20915,Unoccupied,"-37.82053130601655, 144.94545818086732",-37.82053130601655,144.94545818086732
208,20916,Unoccupied,"-37.820469514797836, 144.94544227155245",-37.82046951479784,144.94544227155245
209,20919,Unoccupied,"-37.82028436997928, 144.94539316862245",-37.82028436997928,144.94539316862245
210,20586,Unoccupied,"-37.820228350801294, 144.94537956681978",-37.820228350801294,144.94537956681978
211,20590,Unoccupied,"-37.81998720271917, 144.94722109036064",-37.81998720271917,144.94722109036064
212,20596,Unoccupied,"-37.820736264785594, 144.94727093806625",-37.8207362647856,144.94727093806625
213,20597,Unoccupied,"-37.82066304236043, 144.94725373704705",-37.82066304236043,144.94725373704705
214,21484,Unoccupied,"-37.82019343144256, 144.9471129890872",-37.82019343144256,144.9471129890872
215,20608,Unoccupied,"-37.82109599968092, 144.94535779357702",-37.82109599968092,144.94535779357702
216,20613,Present,"-37.82108852879847, 144.9454536833622",-37.82108852879847,144.9454536833622
217,20621,Unoccupied,"-37.819683560346135, 144.94588656234413",-37.819683560346135,144.94588656234413
218,20622,Unoccupied,"-37.81973874183244, 144.94590104936407",-37.81973874183244,144.94590104936407
219,20623,Unoccupied,"-37.81979391798724, 144.9459155689148",-37.81979391798724,144.9459155689148
220,20624,Unoccupied,"-37.819846900793536, 144.94593004983852",-37.819846900793536,144.94593004983852
221,20921,Unoccupied,"-37.820192531089255, 144.9460195072302",-37.820192531089255,144.9460195072302
222,20924,Present,"-37.82037560800656, 144.94606722180765",-37.82037560800656,144.94606722180765
223,20925,Present,"-37.820436456303554, 144.94608327478076",-37.820436456303554,144.94608327478076
224,15327,Unoccupied,"-37.81865162919739, 144.9481972118744",-37.81865162919739,144.9481972118744
225,15337,Present,"-37.81879931698572, 144.9476865604022",-37.81879931698572,144.9476865604022
226,13022,Present,"-37.81958343523664, 144.9449476526288",-37.81958343523664,144.9449476526288
227,13451,Unoccupied,"-37.81953316925797, 144.94480694114407",-37.81953316925797,144.9448069411441
228,13471,Unoccupied,"-37.819251749945806, 144.9457804932697",-37.819251749945806,144.9457804932697
229,13448,Unoccupied,"-37.81956062036461, 144.94471216116392",-37.81956062036461,144.94471216116392
230,13457,Unoccupied,"-37.81947137228608, 144.9450204542219",-37.81947137228608,144.9450204542219
231,13476,Unoccupied,"-37.819206095023155, 144.94593883893734",-37.81920609502316,144.94593883893734
232,13453,Present,"-37.819514841408456, 144.94487049899558",-37.819514841408456,144.94487049899558
233,13452,Unoccupied,"-37.81952401700922, 144.94483855257994",-37.81952401700922,144.94483855257994
234,13475,Unoccupied,"-37.81921480828922, 144.94590854952634",-37.81921480828922,144.94590854952634
235,13455,Present,"-37.81948965771865, 144.94495729325638",-37.81948965771865,144.94495729325638
236,13472,Unoccupied,"-37.819242434695525, 144.945812487306",-37.819242434695525,144.945812487306
237,20871,Present,"-37.81984299452631, 144.9452791925704",-37.81984299452631,144.9452791925704
238,23331,Present,"-37.814305319808945, 144.9472123799277",-37.81430531980895,144.9472123799277
239,23332,Present,"-37.814287983583945, 144.94727693687133",-37.814287983583945,144.94727693687133
240,23816,Unoccupied,"-37.80214068253946, 144.95626281589603",-37.80214068253946,144.95626281589605
241,23819,Present,"-37.802277422808345, 144.95608777064373",-37.802277422808345,144.95608777064373
242,23823,Present,"-37.802350633838245, 144.9559940501831",-37.802350633838245,144.9559940501831
243,23852,Unoccupied,"-37.81582977501615, 144.94543009929595",-37.81582977501615,144.94543009929595
244,23853,Present,"-37.815887456199704, 144.94545557356133",-37.8158874561997,144.94545557356133
245,13420,Present,"-37.81966860800787, 144.94433630368982",-37.81966860800787,144.94433630368982
246,13423,Present,"-37.81964330498742, 144.94442320689754",-37.81964330498742,144.94442320689754
247,13444,Unoccupied,"-37.81960069139679, 144.94425436080738",-37.81960069139679,144.94425436080738
248,9583,Present,"-37.804039588958545, 144.94954771319453",-37.80403958895855,144.94954771319453
249,9590,Unoccupied,"-37.80361944581699, 144.94962177181733",-37.80361944581699,144.94962177181733
250,9621,Unoccupied,"-37.8049650600306, 144.94867535790314",-37.8049650600306,144.94867535790314
251,9622,Unoccupied,"-37.80496192087651, 144.9486472467637",-37.80496192087651,144.9486472467637
252,9646,Unoccupied,"-37.80506542448819, 144.94863852706405",-37.80506542448819,144.94863852706405
253,10925,Unoccupied,"-37.80537070979699, 144.95013236035342",-37.80537070979699,144.95013236035342
254,12029,Present,"-37.798324922621674, 144.95304940651633",-37.79832492262168,144.95304940651633
255,14857,Unoccupied,"-37.80098031030775, 144.9563818423412",-37.80098031030775,144.9563818423412
256,18575,Present,"-37.81931307228372, 144.94863663677813",-37.81931307228372,144.94863663677813
257,13465,Unoccupied,"-37.81931342096684, 144.94556643243476",-37.81931342096684,144.94556643243476
258,13470,Unoccupied,"-37.81926702213619, 144.94572747902293",-37.81926702213619,144.9457274790229
259,23815,Unoccupied,"-37.80212234886051, 144.9562863072706",-37.80212234886051,144.9562863072706
260,12376,Present,"-37.80282950986645, 144.95580821881964",-37.80282950986645,144.95580821881964
261,23856,Present,"-37.81643992499424, 144.94569868760732",-37.81643992499424,144.94569868760732
262,24001,Present,"-37.819980456238255, 144.94866192170207",-37.819980456238255,144.94866192170207
263,13410,Unoccupied,"-37.81975075788152, 144.94405339545295",-37.81975075788152,144.94405339545295
264,24275,Unoccupied,"-37.81314484262667, 144.94230562480953",-37.81314484262667,144.9423056248095
265,24277,Unoccupied,"-37.81319186749354, 144.94218304249296",-37.81319186749354,144.94218304249296
266,20930,Unoccupied,"-37.82100872746625, 144.9462344339982",-37.82100872746625,144.9462344339982
267,20931,Unoccupied,"-37.82106330164733, 144.94624932848853",-37.82106330164733,144.94624932848853
268,20928,Unoccupied,"-37.82090289598893, 144.9462065615067",-37.82090289598893,144.9462065615067
269,9575,Present,"-37.80457831492221, 144.9494536042484",-37.80457831492221,144.9494536042484
270,9576,Present,"-37.80450871995744, 144.94946578429776",-37.80450871995744,144.94946578429776
271,9581,Unoccupied,"-37.804145819722294, 144.94952899017608",-37.80414581972229,144.94952899017608
272,9599,Present,"-37.80464076945911, 144.9492535175426",-37.80464076945911,144.9492535175426
273,9605,Unoccupied,"-37.803542045983534, 144.94944536383048",-37.803542045983534,144.94944536383048
274,9617,Present,"-37.80497447701249, 144.948759690608",-37.80497447701249,144.948759690608
275,9619,Present,"-37.804971351349906, 144.9487315807204",-37.80497135134991,144.9487315807204
276,9623,Present,"-37.804958781715776, 144.94861913562693",-37.804958781715776,144.94861913562693
277,9628,Present,"-37.804941499223204, 144.94846510573086",-37.8049414992232,144.94846510573086
278,9633,Unoccupied,"-37.80507794337506, 144.9487506998031",-37.80507794337506,144.9487506998031
279,9634,Unoccupied,"-37.805074798372985, 144.9487225853801",-37.805074798372985,144.9487225853801
280,9637,Present,"-37.80503386587226, 144.94835718315483",-37.80503386587226,144.94835718315483
281,9639,Unoccupied,"-37.80504021585325, 144.94841368401097",-37.80504021585325,144.94841368401097
282,9648,Unoccupied,"-37.80505914239434, 144.94858267535324",-37.80505914239434,144.94858267535324
283,10711,Unoccupied,"-37.80345593211952, 144.95118021673983",-37.80345593211952,144.95118021673983
284,10728,Present,"-37.80465544027787, 144.95096804430446",-37.80465544027787,144.95096804430446
285,10729,Present,"-37.80470464522185, 144.95095940201463",-37.80470464522185,144.95095940201463
286,10880,Unoccupied,"-37.8054006142369, 144.95029616206278",-37.8054006142369,144.95029616206278
287,10885,Unoccupied,"-37.80541605636679, 144.95043217582293",-37.80541605636679,144.95043217582293
288,10886,Unoccupied,"-37.80541913604876, 144.95045937076037",-37.80541913604876,144.95045937076037
289,10891,Unoccupied,"-37.805497479649645, 144.95027903515773",-37.805497479649645,144.9502790351577
290,10893,Unoccupied,"-37.8055037114113, 144.95033343173844",-37.8055037114113,144.95033343173844
291,10895,Unoccupied,"-37.805509971481925, 144.950387815196",-37.805509971481925,144.950387815196
292,10896,Unoccupied,"-37.805513050724684, 144.95041502074173",-37.80551305072469,144.95041502074173
293,10897,Unoccupied,"-37.80551613042146, 144.9504422245871",-37.80551613042146,144.9504422245871
294,10902,Unoccupied,"-37.80543493641106, 144.95012179539975",-37.80543493641106,144.95012179539975
295,10905,Present,"-37.80550150661396, 144.95011084437948",-37.80550150661396,144.95011084437948
296,11176,Unoccupied,"-37.80312609541965, 144.9482243581782",-37.80312609541965,144.9482243581782
297,11177,Unoccupied,"-37.80317835677377, 144.94821497276428",-37.80317835677377,144.94821497276428
298,11481,Unoccupied,"-37.80312960490454, 144.95044460536147",-37.80312960490454,144.95044460536147
299,11482,Unoccupied,"-37.80313294564665, 144.95047448426317",-37.80313294564665,144.95047448426317
300,11483,Unoccupied,"-37.80313640332893, 144.95050601212915",-37.80313640332893,144.95050601212915
301,11486,Unoccupied,"-37.803150168711376, 144.95063377016612",-37.803150168711376,144.95063377016612
302,11489,Unoccupied,"-37.80316117333615, 144.95073161921133",-37.80316117333615,144.95073161921133
303,11490,Unoccupied,"-37.80316457905845, 144.95076197518517",-37.80316457905845,144.95076197518517
304,11491,Unoccupied,"-37.80316785886863, 144.95079120739746",-37.80316785886863,144.95079120739746
305,11791,Present,"-37.80032727741978, 144.95556451791924",-37.80032727741978,144.95556451791924
306,11794,Present,"-37.80044600917289, 144.9557134989734",-37.80044600917289,144.9557134989734
307,11879,Present,"-37.80086537524461, 144.9562382876755",-37.80086537524461,144.9562382876755
308,11934,Present,"-37.801073108308074, 144.9551848721037",-37.80107310830808,144.9551848721037
309,11947,Present,"-37.80141146878707, 144.9550899289275",-37.80141146878707,144.9550899289275
310,12028,Unoccupied,"-37.79828948729481, 144.9530048020704",-37.79828948729481,144.9530048020704
311,12076,Unoccupied,"-37.80089559649005, 144.95327966007903",-37.80089559649005,144.95327966007903
312,12089,Present,"-37.80031294824744, 144.95435541584334",-37.80031294824744,144.95435541584334
313,12095,Present,"-37.80074530269516, 144.95380561436207",-37.80074530269516,144.95380561436207
314,12113,Unoccupied,"-37.798591125890425, 144.9521136086263",-37.798591125890425,144.9521136086263
315,12115,Unoccupied,"-37.79862215227557, 144.95207373029154",-37.79862215227557,144.95207373029154
316,12118,Unoccupied,"-37.798692741278415, 144.95198445271365",-37.798692741278415,144.95198445271365
317,12127,Present,"-37.79886821442701, 144.95176030674503",-37.79886821442701,144.95176030674503
318,12284,Present,"-37.7996230503677, 144.95276691243447",-37.7996230503677,144.95276691243447
319,12289,Present,"-37.799422913869506, 144.95301978650258",-37.79942291386951,144.95301978650258
320,12083,Present,"-37.80038249274266, 144.95392898458954",-37.80038249274266,144.95392898458954
321,12295,Present,"-37.799089907243655, 144.95377021022136",-37.799089907243655,144.95377021022136
322,21964,Present,"-37.80124187254705, 144.95530481660268",-37.80124187254705,144.95530481660268
323,18542,Unoccupied,"-37.8203427296865, 144.94941062470693",-37.8203427296865,144.94941062470693
324,18588,Unoccupied,"-37.8191316612935, 144.94841656787565",-37.8191316612935,144.94841656787565
325,18573,Present,"-37.81920500724189, 144.94863260080362",-37.81920500724189,144.94863260080362
326,20895,Unoccupied,"-37.82119320777783, 144.94707640395677",-37.82119320777783,144.94707640395677
327,20897,Unoccupied,"-37.821097478757125, 144.94679202246175",-37.821097478757125,144.94679202246175
328,20898,Unoccupied,"-37.82107890584548, 144.94685598585616",-37.82107890584548,144.94685598585616
329,20614,Unoccupied,"-37.81954429224245, 144.9436975550082",-37.81954429224245,144.9436975550082
330,20617,Present,"-37.81937666998501, 144.94362061228043",-37.81937666998501,144.94362061228043
331,20618,Unoccupied,"-37.81932324573056, 144.94359616424424",-37.81932324573056,144.94359616424424
332,20909,Unoccupied,"-37.81997118004978, 144.9453133700929",-37.81997118004978,144.9453133700929
333,20903,Present,"-37.81900189112284, 144.9442559799367",-37.81900189112284,144.9442559799367
334,20588,Present,"-37.82014150602863, 144.94728614630372",-37.82014150602863,144.94728614630372
335,20589,Unoccupied,"-37.820072911490655, 144.94726098765477",-37.820072911490655,144.94726098765477
336,20591,Unoccupied,"-37.819917677788666, 144.94719304833868",-37.819917677788666,144.94719304833868
337,20592,Unoccupied,"-37.81983541614648, 144.94715349551896",-37.81983541614648,144.94715349551896
338,20600,Unoccupied,"-37.82041922395878, 144.9471865553108",-37.82041922395878,144.9471865553108
339,21483,Unoccupied,"-37.82026288002051, 144.94713672132843",-37.82026288002051,144.94713672132843
340,21485,Unoccupied,"-37.82010650185967, 144.94707617100062",-37.82010650185967,144.94707617100062
341,21486,Unoccupied,"-37.8200386831009, 144.947049719301",-37.8200386831009,144.947049719301
342,21489,Unoccupied,"-37.81980196641486, 144.946943144464",-37.81980196641486,144.946943144464
343,18227,Unoccupied,"-37.82202533313165, 144.94780409341098",-37.82202533313165,144.94780409341098
344,20607,Unoccupied,"-37.821154146084396, 144.9453732043762",-37.8211541460844,144.9453732043762
345,20609,Unoccupied,"-37.821037349019115, 144.94534237146144",-37.82103734901912,144.94534237146144
346,20603,Unoccupied,"-37.820333206222074, 144.94446884405363",-37.82033320622208,144.94446884405363
347,20604,Unoccupied,"-37.820382525443485, 144.94449214105623",-37.820382525443485,144.94449214105623
348,20920,Unoccupied,"-37.82012946613871, 144.94600496648212",-37.82012946613871,144.94600496648212
349,15336,Present,"-37.81876561515919, 144.94780402734943",-37.81876561515919,144.94780402734943
350,13449,Present,"-37.819551470265075, 144.94474369131638",-37.81955147026508,144.94474369131638
351,13463,Present,"-37.81933872220581, 144.94547899737347",-37.81933872220581,144.94547899737347
352,13456,Unoccupied,"-37.81948052203154, 144.94498888348807",-37.81948052203154,144.9449888834881
353,13473,Unoccupied,"-37.819233280397384, 144.94584450335228",-37.81923328039738,144.94584450335228
354,13021,Unoccupied,"-37.81956547471263, 144.94500963924796",-37.81956547471263,144.94500963924796
355,13464,Unoccupied,"-37.81932960588467, 144.94551077275807",-37.81932960588467,144.94551077275807
356,20872,Unoccupied,"-37.81970947860846, 144.9452437994716",-37.81970947860846,144.9452437994716
357,23810,Unoccupied,"-37.80159206096285, 144.95656498227333",-37.80159206096285,144.9565649822733
358,23811,Unoccupied,"-37.80164563491989, 144.95655551384758",-37.80164563491989,144.95655551384758
359,13912,Present,"-37.80224038503159, 144.95613527414744",-37.80224038503159,144.95613527414744
360,23821,Unoccupied,"-37.802314028098365, 144.95604091072653",-37.802314028098365,144.95604091072653
361,12377,Unoccupied,"-37.80288393715607, 144.95579903025617",-37.80288393715607,144.95579903025617
362,12381,Present,"-37.8026172174894, 144.95584370875528",-37.8026172174894,144.95584370875528
363,12375,Present,"-37.80277498643199, 144.95581739872216",-37.80277498643199,144.95581739872216
364,12379,Unoccupied,"-37.802992440376755, 144.9557807533958",-37.80299244037676,144.9557807533958
365,23855,Present,"-37.81638699965873, 144.94567530487853",-37.81638699965873,144.9456753048785
366,24003,Unoccupied,"-37.820093042106095, 144.94866621893198",-37.820093042106095,144.94866621893198
367,13408,Unoccupied,"-37.819770631089455, 144.94398591308556",-37.819770631089455,144.94398591308556
368,13407,Unoccupied,"-37.81978068874122, 144.94395136792798",-37.81978068874122,144.94395136792798
369,24273,Unoccupied,"-37.81309853082945, 144.94242875092925",-37.81309853082945,144.94242875092925
370,24280,Unoccupied,"-37.81326220460484, 144.94199892717336",-37.81326220460484,144.94199892717336
371,24283,Present,"-37.822228510141784, 144.9467722748763",-37.82222851014178,144.9467722748763
372,24284,Present,"-37.82223997983659, 144.94684479490817",-37.82223997983659,144.94684479490817
373,24516,Present,"-37.80200172670679, 144.95614762673733",-37.80200172670679,144.95614762673733
374,9582,Present,"-37.804091373782654, 144.9495385824703",-37.804091373782654,144.9495385824703
375,9606,Unoccupied,"-37.803596478591494, 144.94943573532953",-37.80359647859149,144.94943573532953
376,9610,Unoccupied,"-37.803813653062804, 144.9493974795697",-37.8038136530628,144.9493974795697
377,9615,Unoccupied,"-37.80408111614615, 144.94935034093805",-37.80408111614615,144.94935034093805
378,9620,Present,"-37.804968198727664, 144.94870346820352",-37.804968198727664,144.94870346820352
379,9638,Present,"-37.80503705640911, 144.94838529146213",-37.80503705640911,144.94838529146213
380,10889,Unoccupied,"-37.8054912478631, 144.95022458934193",-37.8054912478631,144.95022458934193
381,12093,Present,"-37.80055726291047, 144.9540442228017",-37.80055726291047,144.9540442228017
382,12082,Unoccupied,"-37.80042252716176, 144.95387826242398",-37.80042252716176,144.95387826242398
383,12293,Present,"-37.79902683591344, 144.95351782900144",-37.79902683591344,144.95351782900144
384,18577,Present,"-37.81942113774985, 144.948640773384",-37.81942113774985,144.948640773384
385,20913,Unoccupied,"-37.8204958157521, 144.94554394762582",-37.8204958157521,144.94554394762582
386,20599,Present,"-37.82050460676082, 144.94721237048702",-37.82050460676082,144.94721237048702
387,20601,Unoccupied,"-37.82034768891672, 144.9471675572891",-37.82034768891672,144.9471675572891
388,18225,Unoccupied,"-37.821595867621205, 144.94748926100272",-37.821595867621205,144.94748926100272
389,20926,Present,"-37.820498431250364, 144.9461007403677",-37.82049843125037,144.9461007403677
390,15335,Present,"-37.81874691903522, 144.94786800187666",-37.81874691903522,144.94786800187666
391,15328,Present,"-37.81866842986443, 144.94813900082468",-37.81866842986443,144.94813900082468
392,15297,Unoccupied,"-37.81878282783777, 144.94774460747973",-37.81878282783777,144.9477446074797
393,13454,Unoccupied,"-37.81949872414898, 144.94492603971992",-37.81949872414898,144.94492603971992
394,13466,Unoccupied,"-37.819304003240234, 144.9455993366719",-37.81930400324024,144.9455993366719
395,13467,Unoccupied,"-37.81929453999409, 144.94563210576644",-37.81929453999409,144.94563210576644
396,23333,Unoccupied,"-37.81427010909249, 144.94734119880445",-37.81427010909249,144.94734119880445
397,12378,Unoccupied,"-37.80293841159528, 144.95578985851284",-37.80293841159528,144.95578985851284
398,24000,Present,"-37.81992415492702, 144.94866021104554",-37.81992415492702,144.94866021104554
399,24002,Present,"-37.820036751254705, 144.948663971158",-37.82003675125471,144.948663971158
400,24274,Unoccupied,"-37.813121671939165, 144.94236718903596",-37.813121671939165,144.94236718903596
401,24276,Unoccupied,"-37.8131684151186, 144.94224435436706",-37.8131684151186,144.94224435436706
402,24278,Present,"-37.81321543853819, 144.94212173413453",-37.81321543853819,144.94212173413453
403,24279,Unoccupied,"-37.81323871184784, 144.9420601362918",-37.81323871184784,144.9420601362918
404,13442,Unoccupied,"-37.81963745458563, 144.94412862200593",-37.81963745458563,144.94412862200593
405,13910,Unoccupied,"-37.801917192405185, 144.95626367420454",-37.80191719240519,144.95626367420454
