,DeviceId,ArrivalTime,DepartureTime,duration*60,Area
0,17281,1486512540,1486513834,3600,Docklands
1,20236,1486512541,1486531622,14400,Queensberry
2,20462,1486512547,1486512817,1800,Queensberry
3,17442,1486512551,1486514008,300,Docklands
4,21777,1486512559,1486513381,1800,Southbank
5,21575,1486512562,1486516988,7200,Southbank
6,17425,1486512565,1486513178,900,Docklands
7,20404,1486512565,1486526734,14400,Queensberry
8,21424,1486512571,1486516616,3600,Southbank
9,20573,1486512574,1486545872,14400,Queensberry
10,17575,1486512576,1486513247,7200,Docklands
11,17689,1486512577,1486518253,1800,Docklands
12,17418,1486512578,1486513346,900,Docklands
13,21370,1486512580,1486512663,600,Southbank
14,17386,1486512581,1486517944,7200,Docklands
15,20579,1486512582,1486512707,7200,Queensberry
16,20360,1486512591,1486516978,3600,Queensberry
17,21585,1486512593,1486516351,7200,Southbank
18,17559,1486512594,1486515670,7200,Docklands
19,20547,1486512594,1486512704,7200,Queensberry
20,21724,1486512595,1486512828,3600,Southbank
21,21722,1486512596,1486512827,3600,Southbank
22,21621,1486512597,1486514927,7200,Southbank
23,17366,1486512598,1486514564,1800,Docklands
24,17762,1486513143,1486513702,7200,Docklands
25,17307,1486513144,1486519835,7200,Docklands
26,21362,1486513147,1486517523,3600,Southbank
27,21729,1486513148,1486527185,3600,Southbank
28,17702,1486513149,1486513935,900,Docklands
29,20003,1486513152,1486513245,10800,Queensberry
30,17482,1486513159,1486515149,7200,Docklands
31,21677,1486513163,1486515732,900,Southbank
32,17401,1486513164,1486513218,1800,Docklands
33,17405,1486513165,1486517804,7200,Docklands
34,21735,1486513166,1486515596,3600,Southbank
35,17217,1486513168,1486513253,300,Docklands
36,17425,1486513178,1486513526,900,Docklands
37,17406,1486513179,1486513469,300,Docklands
38,17445,1486513180,1486513579,300,Docklands
39,17636,1486513182,1486515641,1800,Docklands
40,17423,1486513193,1486514175,900,Docklands
41,17373,1486513198,1486515382,7200,Docklands
42,17259,1486513740,1486513971,3600,Docklands
43,21368,1486513742,1486514091,600,Southbank
44,17616,1486513743,1486515556,7200,Docklands
45,17543,1486513747,1486514044,7200,Docklands
46,17279,1486513747,1486522989,14400,Docklands
47,17217,1486513747,1486516958,300,Docklands
48,17571,1486513749,1486517811,7200,Docklands
49,20186,1486513751,1486528205,14400,Queensberry
50,20291,1486513761,1486513897,14400,Queensberry
51,21722,1486513762,1486517327,3600,Southbank
52,17332,1486513770,1486514701,900,Docklands
53,17575,1486513778,1486513999,7200,Docklands
54,20545,1486513780,1486513890,7200,Queensberry
55,17292,1486513782,1486516195,900,Docklands
56,17536,1486513786,1486513856,7200,Docklands
57,17724,1486513787,1486514420,600,Docklands
58,20073,1486513789,1486527628,14400,Queensberry
59,17605,1486513792,1486514084,3600,Docklands
60,17295,1486513792,1486514307,900,Docklands
61,19932,1486513793,1486524790,14400,Queensberry
62,21370,1486513799,1486514735,600,Southbank
63,17374,1486514346,1486518061,1800,Docklands
64,17425,1486514346,1486515218,900,Docklands
65,21770,1486514355,1486515856,7200,Southbank
66,21699,1486514367,1486518011,10800,Southbank
67,21607,1486514373,1486521019,7200,Southbank
68,17291,1486514378,1486515334,7200,Docklands
69,17288,1486514383,1486514821,3600,Docklands
70,17302,1486514390,1486515684,900,Docklands
71,17295,1486514391,1486515033,900,Docklands
72,20378,1486514392,1486514458,900,Queensberry
73,17579,1486514393,1486519236,7200,Docklands
74,17661,1486514397,1486514828,10800,Docklands
75,21885,1486514397,1486515108,7200,Southbank
76,17412,1486514399,1486514411,900,Docklands
77,17443,1486514940,1486516328,300,Docklands
78,20013,1486514941,1486524012,10800,Queensberry
79,17189,1486514943,1486515017,3600,Docklands
80,17784,1486514945,1486515100,7200,Docklands
81,17607,1486514956,1486516074,7200,Docklands
82,17468,1486514964,1486529345,7200,Docklands
83,17288,1486514966,1486515110,3600,Docklands
84,21636,1486514968,1486517712,7200,Southbank
85,17419,1486514970,1486517432,900,Docklands
86,17764,1486514975,1486520818,7200,Docklands
87,21426,1486514985,1486516636,3600,Southbank
88,17418,1486514988,1486515000,900,Docklands
89,17219,1486514993,1486517764,7200,Docklands
90,20564,1486514997,1486521277,7200,Queensberry
91,17295,1486515540,1486515836,900,Docklands
92,21602,1486515541,1486521299,7200,Southbank
93,17171,1486515542,1486515996,600,Docklands
94,17231,1486515542,1486519123,7200,Docklands
95,20563,1486515544,1486517673,3600,Queensberry
96,17172,1486515545,1486515996,600,Docklands
97,17506,1486515550,1486516530,7200,Docklands
98,17348,1486515553,1486517290,300,Docklands
99,17406,1486515555,1486515637,300,Docklands
100,17339,1486515555,1486516779,7200,Docklands
101,17616,1486515556,1486523561,7200,Docklands
102,17336,1486515557,1486515809,300,Docklands
103,21777,1486515557,1486515962,1800,Southbank
104,17442,1486515559,1486516756,300,Docklands
105,20371,1486515563,1486515818,7200,Queensberry
106,21601,1486515565,1486516001,7200,Southbank
107,17685,1486515568,1486516611,1800,Docklands
108,17228,1486515571,1486515642,7200,Docklands
109,17738,1486515573,1486515632,7200,Docklands
110,21600,1486515577,1486517440,7200,Southbank
111,17445,1486515581,1486516766,300,Docklands
112,21369,1486515581,1486515745,600,Southbank
113,17451,1486515583,1486516545,7200,Docklands
114,17305,1486515585,1486516721,900,Docklands
115,17463,1486515587,1486515879,7200,Docklands
116,17459,1486515587,1486521011,7200,Docklands
117,17329,1486515587,1486515887,900,Docklands
118,17366,1486515593,1486515994,1800,Docklands
119,21574,1486515595,1486520572,7200,Southbank
120,21735,1486515596,1486515700,3600,Southbank
121,21488,1486515596,1486529227,10800,Southbank
122,20462,1486515597,1486515974,1800,Queensberry
123,20000,1486515598,1486520036,10800,Queensberry
124,20009,1486516141,1486516336,10800,Queensberry
125,17310,1486516142,1486521472,7200,Docklands
126,21796,1486516142,1486517845,7200,Southbank
127,20554,1486516153,1486517725,7200,Queensberry
128,17729,1486516157,1486547611,7200,Docklands
129,17465,1486516162,1486535364,7200,Docklands
130,21353,1486516162,1486516472,7200,Southbank
131,20371,1486516162,1486516284,7200,Queensberry
132,17460,1486516164,1486517645,900,Docklands
133,17575,1486516166,1486516243,7200,Docklands
134,17618,1486516175,1486518492,7200,Docklands
135,17302,1486516176,1486516862,900,Docklands
136,17351,1486516176,1486516891,7200,Docklands
137,17546,1486516188,1486521960,7200,Docklands
138,21506,1486516188,1486519735,10800,Southbank
139,17418,1486516189,1486516222,900,Docklands
140,21804,1486516189,1486519855,7200,Southbank
141,17627,1486516190,1486519241,7200,Docklands
142,17434,1486516194,1486516620,600,Docklands
143,17292,1486516195,1486516520,900,Docklands
144,21691,1486516196,1486516446,10800,Southbank
145,19938,1486516196,1486530365,14400,Queensberry
146,21613,1486516199,1486516833,7200,Southbank
147,17609,1486516740,1486517879,7200,Docklands
148,17428,1486516740,1486532518,7200,Docklands
149,17359,1486516742,1486516764,1800,Docklands
150,20124,1486516742,1486521143,7200,Queensberry
151,21886,1486516748,1486517002,7200,Southbank
152,17607,1486516749,1486523082,7200,Docklands
153,20147,1486516751,1486537924,14400,Queensberry
154,21622,1486516755,1486517035,7200,Southbank
155,17442,1486516756,1486517743,300,Docklands
156,17361,1486516761,1486516768,1800,Docklands
157,17359,1486516764,1486517572,1800,Docklands
158,21368,1486516765,1486517270,600,Southbank
159,17589,1486516766,1486517282,7200,Docklands
160,17445,1486516766,1486517641,300,Docklands
161,17361,1486516768,1486517571,1800,Docklands
162,17245,1486516770,1486517498,3600,Docklands
163,20230,1486516770,1486519037,14400,Queensberry
164,20266,1486516772,1486521632,7200,Queensberry
165,17591,1486516774,1486518972,7200,Docklands
166,17339,1486516779,1486521699,7200,Docklands
167,17592,1486516795,1486520511,7200,Docklands
168,21541,1486516795,1486528537,10800,Southbank
169,21382,1486516799,1486542609,10800,Southbank
170,17303,1486517341,1486517408,900,Docklands
171,20265,1486517345,1486521617,7200,Queensberry
172,17332,1486517347,1486517395,900,Docklands
173,17186,1486517349,1486519427,7200,Docklands
174,17336,1486517349,1486517797,300,Docklands
175,17331,1486517353,1486518191,7200,Docklands
176,17681,1486517355,1486518222,900,Docklands
177,17176,1486517356,1486518093,7200,Docklands
178,17365,1486517357,1486518260,900,Docklands
179,21612,1486517358,1486519849,7200,Southbank
180,21420,1486517360,1486521254,3600,Southbank
181,17632,1486517367,1486519108,7200,Docklands
182,20579,1486517369,1486517489,7200,Queensberry
183,17783,1486517373,1486518135,7200,Docklands
184,17287,1486517377,1486517674,7200,Docklands
185,20126,1486517377,1486531047,14400,Queensberry
186,17752,1486517378,1486519748,7200,Docklands
187,20134,1486517380,1486548097,14400,Queensberry
188,21683,1486517381,1486529915,10800,Southbank
189,21531,1486517384,1486519635,10800,Southbank
190,17774,1486517385,1486517391,7200,Docklands
191,21608,1486517386,1486524899,7200,Southbank
192,17545,1486517388,1486517434,7200,Docklands
193,17226,1486517388,1486517409,7200,Docklands
194,17187,1486517389,1486517464,3600,Docklands
195,17578,1486517389,1486523892,3600,Docklands
196,17406,1486517390,1486522155,300,Docklands
197,17774,1486517391,1486519068,7200,Docklands
198,17731,1486517393,1486517445,7200,Docklands
199,17332,1486517395,1486517456,900,Docklands
200,20578,1486517395,1486517534,900,Queensberry
201,17740,1486517397,1486517823,7200,Docklands
202,21369,1486517941,1486518249,600,Southbank
203,17386,1486517944,1486521836,7200,Docklands
204,21535,1486517944,1486529617,10800,Southbank
205,17757,1486517946,1486520742,7200,Docklands
206,20137,1486517946,1486519259,14400,Queensberry
207,17295,1486517949,1486519644,900,Docklands
208,21494,1486517950,1486535577,10800,Southbank
209,21496,1486517952,1486525217,10800,Southbank
210,19996,1486517955,1486524275,10800,Queensberry
211,19945,1486517957,1486529138,14400,Queensberry
212,17640,1486517958,1486521829,7200,Docklands
213,17520,1486517962,1486518073,7200,Docklands
214,17553,1486517962,1486519066,7200,Docklands
215,17290,1486517966,1486518253,900,Docklands
216,17394,1486517968,1486518038,7200,Docklands
217,17269,1486517974,1486518220,900,Docklands
218,17540,1486517974,1486520480,7200,Docklands
219,17170,1486517976,1486518946,600,Docklands
220,17171,1486517977,1486518952,600,Docklands
221,17726,1486517993,1486522762,600,Docklands
222,17353,1486517999,1486518451,7200,Docklands
223,21362,1486517999,1486521102,3600,Southbank
224,17575,1486518541,1486525226,7200,Docklands
225,20341,1486518544,1486520471,900,Queensberry
226,17216,1486518545,1486518619,300,Docklands
227,17299,1486518545,1486518558,7200,Docklands
228,17611,1486518548,1486518779,7200,Docklands
229,17548,1486518550,1486518711,7200,Docklands
230,20009,1486518551,1486520447,10800,Queensberry
231,20380,1486518552,1486531203,14400,Queensberry
232,17398,1486518555,1486520254,7200,Docklands
233,17709,1486518558,1486518829,900,Docklands
234,17299,1486518558,1486518904,7200,Docklands
235,19898,1486518559,1486519236,7200,Queensberry
236,20288,1486518560,1486527094,14400,Queensberry
237,17773,1486518563,1486520150,7200,Docklands
238,21717,1486518563,1486525149,7200,Southbank
239,17259,1486518564,1486518672,3600,Docklands
240,21601,1486518571,1486521217,7200,Southbank
241,21653,1486518575,1486520747,10800,Southbank
242,17497,1486518586,1486521454,1800,Docklands
243,17287,1486518590,1486518604,7200,Docklands
244,20053,1486518591,1486519873,14400,Queensberry
245,20054,1486518592,1486519874,14400,Queensberry
246,17228,1486518594,1486518765,7200,Docklands
247,17520,1486518594,1486524780,7200,Docklands
248,21801,1486519142,1486520065,7200,Southbank
249,17230,1486519144,1486519154,7200,Docklands
250,17418,1486519147,1486520158,7200,Docklands
251,19947,1486519148,1486527137,14400,Queensberry
252,17282,1486519150,1486519925,7200,Docklands
253,17687,1486519153,1486519175,1800,Docklands
254,21655,1486519153,1486523268,10800,Southbank
255,17230,1486519154,1486519237,7200,Docklands
256,17367,1486519155,1486526235,7200,Docklands
257,17299,1486519155,1486519743,7200,Docklands
258,21369,1486519157,1486519248,600,Southbank
259,17216,1486519158,1486520775,300,Docklands
260,17300,1486519158,1486519742,7200,Docklands
261,21886,1486519158,1486519260,7200,Southbank
262,17677,1486519160,1486519657,1800,Docklands
263,20158,1486519163,1486520544,14400,Queensberry
264,20459,1486519164,1486519330,900,Queensberry
265,21423,1486519168,1486520736,7200,Southbank
266,17227,1486519171,1486519435,7200,Docklands
267,17188,1486519171,1486519177,900,Docklands
268,17687,1486519175,1486520296,1800,Docklands
269,17450,1486519176,1486522503,7200,Docklands
270,21677,1486519176,1486519436,900,Southbank
271,17188,1486519177,1486519699,900,Docklands
272,17704,1486519180,1486519496,900,Docklands
273,21842,1486519181,1486526387,7200,Southbank
274,21613,1486519185,1486519206,7200,Southbank
275,21622,1486519185,1486519528,7200,Southbank
276,20258,1486519186,1486549800,1800,Queensberry
277,17624,1486519190,1486520782,7200,Docklands
278,21368,1486519195,1486519321,600,Southbank
279,20136,1486519196,1486539411,14400,Queensberry
280,17300,1486519742,1486520730,7200,Docklands
281,17380,1486519742,1486519847,7200,Docklands
282,17299,1486519743,1486520001,7200,Docklands
283,20421,1486519743,1486534529,14400,Queensberry
284,17368,1486519745,1486519934,900,Docklands
285,17767,1486519745,1486520866,7200,Docklands
286,21637,1486519745,1486524276,7200,Southbank
287,20269,1486519745,1486528594,7200,Queensberry
288,17752,1486519748,1486535039,7200,Docklands
289,17457,1486519748,1486519902,7200,Docklands
290,17295,1486519749,1486520576,900,Docklands
291,20462,1486519753,1486520445,1800,Queensberry
292,17601,1486519756,1486530929,1800,Docklands
293,19951,1486519760,1486527655,14400,Queensberry
294,20142,1486519762,1486525678,14400,Queensberry
295,17725,1486519764,1486520801,7200,Docklands
296,17536,1486519766,1486520506,7200,Docklands
297,17218,1486519770,1486520461,300,Docklands
298,19962,1486519772,1486533710,14400,Queensberry
299,17425,1486519773,1486540598,7200,Docklands
300,21878,1486519776,1486520134,900,Southbank
301,17506,1486519779,1486527116,7200,Docklands
302,20382,1486519779,1486535365,14400,Queensberry
303,20414,1486519780,1486547362,14400,Queensberry
304,20149,1486519784,1486521550,14400,Queensberry
305,21597,1486519785,1486520626,7200,Southbank
306,21631,1486519787,1486525693,7200,Southbank
307,17258,1486519789,1486519802,7200,Docklands
308,17625,1486519789,1486520476,7200,Docklands
309,17597,1486519791,1486520039,7200,Docklands
310,17222,1486519792,1486519936,7200,Docklands
311,20234,1486519792,1486520218,14400,Queensberry
312,20544,1486520340,1486522910,7200,Queensberry
313,17531,1486520348,1486521611,7200,Docklands
314,17335,1486520351,1486521212,7200,Docklands
315,17417,1486520354,1486521411,900,Docklands
316,17265,1486520355,1486521444,900,Docklands
317,17267,1486520355,1486522481,900,Docklands
318,17755,1486520361,1486520780,7200,Docklands
319,17583,1486520361,1486521419,7200,Docklands
320,17447,1486520361,1486520539,7200,Docklands
321,21801,1486520363,1486521543,7200,Southbank
322,20406,1486520366,1486532176,14400,Queensberry
323,21370,1486520368,1486521220,600,Southbank
324,17498,1486520369,1486520701,1800,Docklands
325,21760,1486520377,1486527160,7200,Southbank
326,17605,1486520381,1486521247,3600,Docklands
327,17613,1486520382,1486520713,7200,Docklands
328,17401,1486520387,1486520417,1800,Docklands
329,20151,1486520387,1486530210,14400,Queensberry
330,17350,1486520388,1486521716,900,Docklands
331,17398,1486520397,1486520494,7200,Docklands
332,21740,1486520399,1486520859,7200,Southbank
333,17738,1486520942,1486527371,7200,Docklands
334,17783,1486520942,1486526561,7200,Docklands
335,17445,1486520943,1486522111,300,Docklands
336,20581,1486520946,1486521758,7200,Queensberry
337,20348,1486520947,1486521055,3600,Queensberry
338,17674,1486520949,1486528398,7200,Docklands
339,17329,1486520949,1486521034,900,Docklands
340,21621,1486520953,1486522453,7200,Southbank
341,17764,1486520954,1486521178,7200,Docklands
342,20527,1486520954,1486538586,14400,Queensberry
343,17585,1486520958,1486521073,7200,Docklands
344,17679,1486520959,1486527679,7200,Docklands
345,21435,1486520959,1486522994,7200,Southbank
346,21740,1486520961,1486521292,7200,Southbank
347,17230,1486520965,1486521359,7200,Docklands
348,17725,1486520965,1486524781,7200,Docklands
349,17430,1486520966,1486521300,900,Docklands
350,17529,1486520967,1486521089,7200,Docklands
351,17574,1486520967,1486521420,1800,Docklands
352,20005,1486520968,1486522472,10800,Queensberry
353,21389,1486520974,1486527062,7200,Southbank
354,17431,1486520977,1486524665,900,Docklands
355,21690,1486520977,1486521442,10800,Southbank
356,20029,1486520978,1486535774,3600,Queensberry
357,21614,1486520982,1486521216,7200,Southbank
358,17309,1486520983,1486528272,7200,Docklands
359,17784,1486520987,1486521053,7200,Docklands
360,17460,1486520987,1486521265,900,Docklands
361,21576,1486520988,1486524253,7200,Southbank
362,17334,1486520991,1486522914,900,Docklands
363,21604,1486520995,1486522034,7200,Southbank
364,17204,1486520998,1486524537,7200,Docklands
365,21612,1486520999,1486528615,7200,Southbank
366,21399,1486521541,1486521574,10800,Southbank
367,17650,1486521543,1486521713,900,Docklands
368,21801,1486521543,1486524663,7200,Southbank
369,19910,1486521543,1486526101,3600,Queensberry
370,17514,1486521544,1486524740,1800,Docklands
371,21762,1486521548,1486537254,7200,Southbank
372,17605,1486521549,1486524384,3600,Docklands
373,20548,1486521549,1486521854,7200,Queensberry
374,20462,1486521550,1486521792,1800,Queensberry
375,17278,1486521551,1486521594,14400,Docklands
376,17556,1486521552,1486528860,7200,Docklands
377,17443,1486521553,1486522193,300,Docklands
378,21369,1486521555,1486521561,600,Southbank
379,17652,1486521558,1486521568,900,Docklands
380,17715,1486521559,1486522727,900,Docklands
381,21369,1486521561,1486521847,600,Southbank
382,17743,1486521564,1486522972,7200,Docklands
383,17173,1486521565,1486521769,600,Docklands
384,17652,1486521568,1486521652,900,Docklands
385,17507,1486521571,1486522901,1800,Docklands
386,17713,1486521571,1486527664,900,Docklands
387,17573,1486521572,1486521754,7200,Docklands
388,17654,1486521573,1486522777,900,Docklands
389,17216,1486521574,1486522202,300,Docklands
390,21399,1486521574,1486532935,10800,Southbank
391,21581,1486521577,1486521668,7200,Southbank
392,20094,1486521578,1486521679,7200,Queensberry
393,17404,1486521582,1486521650,7200,Docklands
394,17401,1486521582,1486524035,1800,Docklands
395,21566,1486521582,1486523009,7200,Southbank
396,17470,1486521585,1486521675,7200,Docklands
397,17745,1486521589,1486525886,7200,Docklands
398,17671,1486521590,1486522885,1800,Docklands
399,21878,1486521593,1486522376,900,Southbank
400,17278,1486521594,1486535244,14400,Docklands
401,17300,1486521596,1486522250,7200,Docklands
402,17228,1486521596,1486521788,7200,Docklands
403,21370,1486521597,1486521603,600,Southbank
404,17576,1486521599,1486523393,1800,Docklands
405,20462,1486522140,1486522546,1800,Queensberry
406,20353,1486522143,1486522905,3600,Queensberry
407,17593,1486522146,1486526358,7200,Docklands
408,20109,1486522151,1486522594,7200,Queensberry
409,21347,1486522153,1486522968,7200,Southbank
410,17435,1486522154,1486523264,600,Docklands
411,17704,1486522154,1486524167,900,Docklands
412,17406,1486522155,1486522324,300,Docklands
413,17187,1486522156,1486522507,3600,Docklands
414,17185,1486522160,1486522700,3600,Docklands
415,17498,1486522160,1486525468,1800,Docklands
416,17386,1486522161,1486526692,7200,Docklands
417,20356,1486522163,1486522559,900,Queensberry
418,21597,1486522164,1486525254,7200,Southbank
419,17233,1486522165,1486526093,7200,Docklands
420,17444,1486522175,1486522567,300,Docklands
421,21369,1486522175,1486522467,600,Southbank
422,21370,1486522177,1486522190,600,Southbank
423,17209,1486522186,1486522501,900,Docklands
424,17395,1486522187,1486533362,7200,Docklands
425,21370,1486522190,1486522500,600,Southbank
426,21420,1486522192,1486522252,3600,Southbank
427,17443,1486522193,1486522559,300,Docklands
428,17764,1486522194,1486522745,7200,Docklands
429,20510,1486522196,1486524979,900,Queensberry
430,20366,1486522197,1486522784,7200,Queensberry
431,17458,1486522199,1486522218,1800,Docklands
432,17724,1486522199,1486522844,600,Docklands
433,20259,1486522199,1486527826,7200,Queensberry
434,17587,1486522740,1486526602,7200,Docklands
435,17764,1486522745,1486522805,7200,Docklands
436,17170,1486522746,1486523045,600,Docklands
437,21484,1486522749,1486529132,10800,Southbank
438,17302,1486522751,1486523363,900,Docklands
439,17383,1486522755,1486522911,7200,Docklands
440,21878,1486522759,1486523056,900,Southbank
441,17726,1486522762,1486524492,600,Docklands
442,21635,1486522776,1486522996,7200,Southbank
443,17654,1486522777,1486522962,900,Docklands
444,17592,1486522778,1486528832,7200,Docklands
445,21799,1486522778,1486524164,7200,Southbank
446,17346,1486522785,1486529789,7200,Docklands
447,21652,1486522786,1486524419,10800,Southbank
448,20369,1486522786,1486522892,7200,Queensberry
449,17370,1486522788,1486523138,900,Docklands
450,17628,1486522788,1486522794,7200,Docklands
451,17442,1486522791,1486523004,300,Docklands
452,17628,1486522794,1486523292,7200,Docklands
453,17322,1486523340,1486531001,7200,Docklands
454,20060,1486523340,1486523646,14400,Queensberry
455,17207,1486523343,1486526541,900,Docklands
456,17194,1486523343,1486526463,7200,Docklands
457,21356,1486523348,1486525046,3600,Southbank
458,20156,1486523348,1486523729,14400,Queensberry
459,17719,1486523351,1486524079,900,Docklands
460,17221,1486523352,1486529346,7200,Docklands
461,17185,1486523353,1486523401,3600,Docklands
462,17265,1486523356,1486524769,900,Docklands
463,17235,1486523357,1486528047,7200,Docklands
464,17263,1486523360,1486524760,900,Docklands
465,17302,1486523363,1486524695,900,Docklands
466,17625,1486523365,1486523855,7200,Docklands
467,17687,1486523365,1486523380,1800,Docklands
468,17323,1486523367,1486527499,7200,Docklands
469,17483,1486523368,1486527005,1800,Docklands
470,17211,1486523369,1486531037,7200,Docklands
471,17415,1486523375,1486523645,900,Docklands
472,17698,1486523376,1486526026,1800,Docklands
473,20315,1486523376,1486523446,14400,Queensberry
474,17271,1486523378,1486525982,900,Docklands
475,21368,1486523379,1486523391,600,Southbank
476,17687,1486523380,1486523497,1800,Docklands
477,17709,1486523380,1486524533,900,Docklands
478,17691,1486523383,1486524408,1800,Docklands
479,17177,1486523384,1486524603,1800,Docklands
480,17189,1486523387,1486523480,3600,Docklands
481,19918,1486523390,1486524658,7200,Queensberry
482,21368,1486523391,1486523951,600,Southbank
483,17170,1486523392,1486524239,600,Docklands
484,17576,1486523393,1486523608,1800,Docklands
485,17742,1486523397,1486523461,7200,Docklands
486,20378,1486523398,1486523801,900,Queensberry
487,17281,1486523941,1486523984,3600,Docklands
488,21370,1486523941,1486523950,600,Southbank
489,21750,1486523942,1486526974,7200,Southbank
490,20511,1486523943,1486525648,900,Queensberry
491,17633,1486523944,1486530909,7200,Docklands
492,21715,1486523946,1486532013,7200,Southbank
493,21370,1486523950,1486524188,600,Southbank
494,21368,1486523951,1486523961,600,Southbank
495,17759,1486523952,1486524951,7200,Docklands
496,17404,1486523952,1486524060,7200,Docklands
497,17771,1486523955,1486523990,7200,Docklands
498,17338,1486523956,1486524792,7200,Docklands
499,17228,1486523956,1486524219,7200,Docklands
500,20560,1486523957,1486525199,7200,Queensberry
501,21368,1486523961,1486524205,600,Southbank
502,21629,1486523962,1486524543,7200,Southbank
503,17230,1486523964,1486523971,7200,Docklands
504,21402,1486523964,1486525070,7200,Southbank
505,17185,1486523966,1486524077,3600,Docklands
506,17276,1486523968,1486524958,3600,Docklands
507,21440,1486523969,1486524198,7200,Southbank
508,17430,1486523970,1486524510,900,Docklands
509,17230,1486523971,1486524220,7200,Docklands
510,17216,1486523973,1486524969,300,Docklands
511,21404,1486523973,1486531304,7200,Southbank
512,17364,1486523974,1486524810,7200,Docklands
513,17681,1486523976,1486524875,900,Docklands
514,17333,1486523979,1486524812,900,Docklands
515,17521,1486523980,1486526659,7200,Docklands
516,17764,1486523981,1486527826,7200,Docklands
517,17677,1486523982,1486524132,1800,Docklands
518,17187,1486523982,1486524056,3600,Docklands
519,17281,1486523984,1486528383,3600,Docklands
520,17771,1486523990,1486532165,7200,Docklands
521,20543,1486523993,1486531373,7200,Queensberry
522,21655,1486523998,1486530511,10800,Southbank
523,20504,1486523999,1486526475,3600,Queensberry
524,17589,1486524540,1486530501,7200,Docklands
525,21629,1486524543,1486528040,7200,Southbank
526,20377,1486524547,1486524867,900,Queensberry
527,21604,1486524549,1486527647,7200,Southbank
528,17555,1486524552,1486526298,7200,Docklands
529,17292,1486524554,1486524602,900,Docklands
530,17188,1486524555,1486525225,900,Docklands
531,17430,1486524555,1486525837,900,Docklands
532,17182,1486524558,1486524738,1800,Docklands
533,17290,1486524558,1486525469,900,Docklands
534,17753,1486524558,1486528811,7200,Docklands
535,17737,1486524563,1486525314,7200,Docklands
536,20554,1486524566,1486528895,7200,Queensberry
537,17291,1486524569,1486525019,7200,Docklands
538,17730,1486524570,1486531215,7200,Docklands
539,17607,1486524570,1486524671,7200,Docklands
540,20381,1486524572,1486538199,14400,Queensberry
541,20347,1486524575,1486524892,3600,Queensberry
542,20582,1486524578,1486525316,7200,Queensberry
543,19971,1486524580,1486539398,14400,Queensberry
544,20509,1486524585,1486532189,7200,Queensberry
545,17228,1486524588,1486524715,7200,Docklands
546,20548,1486524588,1486524672,7200,Queensberry
547,19895,1486524588,1486525253,7200,Queensberry
548,17301,1486524590,1486524638,7200,Docklands
549,20366,1486524590,1486525731,7200,Queensberry
550,21368,1486525142,1486525316,600,Southbank
551,17622,1486525143,1486534884,7200,Docklands
552,20368,1486525143,1486527125,7200,Queensberry
553,21717,1486525149,1486548831,7200,Southbank
554,21878,1486525155,1486525451,900,Southbank
555,21387,1486525155,1486525438,7200,Southbank
556,17557,1486525156,1486532008,7200,Docklands
557,17242,1486525159,1486526155,900,Docklands
558,21522,1486525161,1486535544,10800,Southbank
559,21435,1486525161,1486525544,7200,Southbank
560,21648,1486525164,1486528219,10800,Southbank
561,21362,1486525175,1486525426,3600,Southbank
562,17691,1486525178,1486525818,1800,Docklands
563,17559,1486525181,1486529970,7200,Docklands
564,17597,1486525185,1486526463,7200,Docklands
565,17442,1486525185,1486526337,300,Docklands
566,17495,1486525190,1486526439,7200,Docklands
567,21402,1486525192,1486525199,7200,Southbank
568,17628,1486525197,1486525561,7200,Docklands
569,21402,1486525199,1486532304,7200,Southbank
570,17524,1486525740,1486526527,7200,Docklands
571,20300,1486525740,1486530330,14400,Queensberry
572,20423,1486525745,1486539449,14400,Queensberry
573,17603,1486525746,1486526971,1800,Docklands
574,17291,1486525746,1486526289,7200,Docklands
575,21639,1486525747,1486527799,7200,Southbank
576,21370,1486525750,1486525867,600,Southbank
577,17176,1486525751,1486525973,7200,Docklands
578,21876,1486525752,1486525874,7200,Southbank
579,17372,1486525753,1486527288,900,Docklands
580,17707,1486525759,1486526044,900,Docklands
581,20539,1486525762,1486531367,7200,Queensberry
582,17722,1486525765,1486528234,1800,Docklands
583,17754,1486525765,1486527459,7200,Docklands
584,21700,1486525765,1486526392,10800,Southbank
585,17596,1486525766,1486525877,7200,Docklands
586,17270,1486525771,1486526125,900,Docklands
587,17219,1486525772,1486531013,7200,Docklands
588,17714,1486525777,1486526090,900,Docklands
589,17417,1486525779,1486525900,900,Docklands
590,20282,1486525785,1486531100,14400,Queensberry
591,17420,1486525787,1486526061,7200,Docklands
592,20459,1486525791,1486526851,900,Queensberry
593,20341,1486525794,1486526458,900,Queensberry
594,17578,1486525795,1486525801,3600,Docklands
595,17615,1486525796,1486526249,7200,Docklands
596,20131,1486525797,1486540031,14400,Queensberry
597,17355,1486526340,1486526488,900,Docklands
598,17210,1486526346,1486527218,7200,Docklands
599,20370,1486526346,1486526733,7200,Queensberry
600,20547,1486526346,1486527271,7200,Queensberry
601,21351,1486526347,1486527363,7200,Southbank
602,17644,1486526348,1486527848,900,Docklands
603,20373,1486526348,1486526749,7200,Queensberry
604,17435,1486526349,1486526584,600,Docklands
605,17491,1486526350,1486526427,14400,Docklands
606,21492,1486526350,1486536842,10800,Southbank
607,21631,1486526352,1486549800,7200,Southbank
608,20531,1486526354,1486529366,14400,Queensberry
609,17445,1486526355,1486526880,300,Docklands
610,17776,1486526356,1486535641,7200,Docklands
611,17593,1486526358,1486527216,7200,Docklands
612,21634,1486526358,1486532506,7200,Southbank
613,21776,1486526360,1486527051,1800,Southbank
614,17208,1486526362,1486528198,7200,Docklands
615,20511,1486526362,1486526436,900,Queensberry
616,17681,1486526363,1486527961,900,Docklands
617,17329,1486526373,1486527907,900,Docklands
618,17234,1486526373,1486526551,7200,Docklands
619,21842,1486526387,1486526959,7200,Southbank
620,21360,1486526387,1486528076,3600,Southbank
621,20464,1486526387,1486527138,900,Queensberry
622,19932,1486526389,1486528576,14400,Queensberry
623,20342,1486526391,1486529617,3600,Queensberry
624,21700,1486526392,1486526636,10800,Southbank
625,21533,1486526395,1486526633,10800,Southbank
626,17763,1486526397,1486530166,7200,Docklands
627,17755,1486526398,1486526489,7200,Docklands
628,17348,1486526941,1486527549,300,Docklands
629,17717,1486526942,1486527709,900,Docklands
630,21430,1486526944,1486530607,7200,Southbank
631,17473,1486526949,1486532728,7200,Docklands
632,17659,1486526949,1486533617,10800,Docklands
633,19266,1486526950,1486527195,7200,Docklands
634,17216,1486526951,1486527265,300,Docklands
635,17774,1486526952,1486529484,7200,Docklands
636,17700,1486526953,1486527304,1800,Docklands
637,17642,1486526953,1486527994,900,Docklands
638,17597,1486526957,1486527059,7200,Docklands
639,17699,1486526958,1486531620,1800,Docklands
640,17695,1486526958,1486526993,1800,Docklands
641,17363,1486526959,1486535407,7200,Docklands
642,21842,1486526959,1486535132,7200,Southbank
643,17623,1486526961,1486537487,7200,Docklands
644,17698,1486526962,1486531619,1800,Docklands
645,21650,1486526964,1486542915,10800,Southbank
646,21654,1486526966,1486536375,10800,Southbank
647,17242,1486526967,1486528956,900,Docklands
648,17603,1486526971,1486530933,1800,Docklands
649,21576,1486526973,1486530477,7200,Southbank
650,21750,1486526974,1486529652,7200,Southbank
651,17685,1486526977,1486527688,1800,Docklands
652,17703,1486526978,1486527303,900,Docklands
653,21716,1486526979,1486527951,3600,Southbank
654,17445,1486526980,1486527264,300,Docklands
655,17723,1486526981,1486527492,7200,Docklands
656,17303,1486526982,1486527713,900,Docklands
657,17405,1486526983,1486527014,7200,Docklands
658,17179,1486526989,1486536878,7200,Docklands
659,21397,1486526989,1486527035,10800,Southbank
660,17695,1486526993,1486528874,1800,Docklands
661,17271,1486526997,1486528832,900,Docklands
662,17269,1486526998,1486527319,900,Docklands
663,17683,1486526998,1486528289,1800,Docklands
664,17442,1486527540,1486527759,300,Docklands
665,17270,1486527541,1486528089,900,Docklands
666,20567,1486527543,1486529959,3600,Queensberry
667,17406,1486527545,1486528468,300,Docklands
668,21455,1486527547,1486535206,7200,Southbank
669,21389,1486527547,1486531492,7200,Southbank
670,17348,1486527549,1486528804,300,Docklands
671,17524,1486527550,1486528222,7200,Docklands
672,17457,1486527555,1486533431,7200,Docklands
673,17607,1486527562,1486529671,7200,Docklands
674,17334,1486527577,1486529682,900,Docklands
675,17187,1486527579,1486527736,3600,Docklands
676,17502,1486527580,1486528984,600,Docklands
677,17320,1486527581,1486528463,7200,Docklands
678,17430,1486527582,1486531796,900,Docklands
679,21552,1486527582,1486528692,10800,Southbank
680,21400,1486527582,1486533008,7200,Southbank
681,17483,1486527591,1486528900,1800,Docklands
682,17673,1486527593,1486529091,1800,Docklands
683,17671,1486527595,1486529089,1800,Docklands
684,21776,1486527595,1486528454,1800,Southbank
685,17276,1486527596,1486527743,3600,Docklands
686,20348,1486527597,1486532532,3600,Queensberry
687,17379,1486527598,1486528975,1800,Docklands
688,17207,1486528140,1486528430,900,Docklands
689,20372,1486528144,1486529379,7200,Queensberry
690,19905,1486528146,1486528814,7200,Queensberry
691,17707,1486528147,1486528477,900,Docklands
692,17256,1486528147,1486528412,900,Docklands
693,17313,1486528149,1486528240,7200,Docklands
694,17350,1486528150,1486528197,900,Docklands
695,21629,1486528153,1486534282,7200,Southbank
696,17626,1486528161,1486528261,7200,Docklands
697,21480,1486528162,1486531579,7200,Southbank
698,17724,1486528166,1486529364,600,Docklands
699,20459,1486528166,1486529898,900,Queensberry
700,17196,1486528167,1486528879,7200,Docklands
701,17442,1486528171,1486528633,300,Docklands
702,17214,1486528172,1486528253,7200,Docklands
703,21884,1486528174,1486528290,7200,Southbank
704,17226,1486528177,1486528320,7200,Docklands
705,17719,1486528181,1486529984,900,Docklands
706,17712,1486528183,1486529258,900,Docklands
707,17726,1486528187,1486528633,600,Docklands
708,21360,1486528191,1486529100,3600,Southbank
709,17350,1486528197,1486528366,900,Docklands
710,17542,1486528198,1486528780,7200,Docklands
711,17208,1486528198,1486528925,7200,Docklands
712,20309,1486528740,1486529474,14400,Queensberry
713,21771,1486528742,1486546338,7200,Southbank
714,17187,1486528743,1486528811,3600,Docklands
715,21773,1486528748,1486528831,7200,Southbank
716,20323,1486528749,1486528839,14400,Queensberry
717,17190,1486528750,1486529376,3600,Docklands
718,17267,1486528752,1486532511,900,Docklands
719,17263,1486528755,1486528984,900,Docklands
720,17580,1486528755,1486528936,7200,Docklands
721,17406,1486528755,1486529044,300,Docklands
722,17625,1486528757,1486533113,7200,Docklands
723,17581,1486528757,1486529370,7200,Docklands
724,21536,1486528758,1486539236,10800,Southbank
725,17710,1486528763,1486528938,900,Docklands
726,17257,1486528767,1486529042,3600,Docklands
727,20329,1486528770,1486538393,14400,Queensberry
728,21753,1486528771,1486533010,7200,Southbank
729,17313,1486528772,1486528964,7200,Docklands
730,17401,1486528777,1486529410,1800,Docklands
731,17417,1486528777,1486528951,900,Docklands
732,21704,1486528778,1486529290,1800,Southbank
733,17542,1486528780,1486532980,7200,Docklands
734,21706,1486528781,1486529291,1800,Southbank
735,17714,1486528782,1486528861,900,Docklands
736,20259,1486528783,1486528873,7200,Queensberry
737,21546,1486528795,1486547369,10800,Southbank
738,19999,1486528796,1486529401,10800,Queensberry
739,17585,1486529343,1486529815,7200,Docklands
740,21370,1486529343,1486529428,600,Southbank
741,17468,1486529345,1486536073,7200,Docklands
742,21700,1486529345,1486530037,10800,Southbank
743,17221,1486529346,1486529625,7200,Docklands
744,17276,1486529347,1486529515,3600,Docklands
745,17685,1486529360,1486529476,1800,Docklands
746,21368,1486529360,1486529438,600,Southbank
747,17521,1486529361,1486529689,7200,Docklands
748,17724,1486529364,1486531928,600,Docklands
749,20328,1486529366,1486542024,14400,Queensberry
750,17293,1486529369,1486545836,7200,Docklands
751,17581,1486529370,1486529902,7200,Docklands
752,17386,1486529370,1486529378,7200,Docklands
753,17646,1486529371,1486530359,1800,Docklands
754,19899,1486529371,1486535278,7200,Queensberry
755,17288,1486529374,1486529754,3600,Docklands
756,17190,1486529376,1486537242,3600,Docklands
757,21537,1486529376,1486539526,10800,Southbank
758,17386,1486529378,1486530215,7200,Docklands
759,21349,1486529383,1486530153,7200,Southbank
760,20566,1486529386,1486529461,7200,Queensberry
761,21457,1486529388,1486530043,7200,Southbank
762,17269,1486529389,1486529636,900,Docklands
763,17186,1486529391,1486533839,7200,Docklands
764,17655,1486529393,1486529676,10800,Docklands
765,21755,1486529393,1486532239,7200,Southbank
766,17361,1486529395,1486530214,1800,Docklands
767,17492,1486529398,1486531720,7200,Docklands
768,21776,1486529946,1486532559,1800,Southbank
769,17665,1486529951,1486530647,10800,Docklands
770,21594,1486529952,1486530640,7200,Southbank
771,21772,1486529952,1486530135,7200,Southbank
772,17353,1486529953,1486531969,7200,Docklands
773,21370,1486529966,1486530088,600,Southbank
774,21368,1486529968,1486529974,600,Southbank
775,17559,1486529970,1486532506,7200,Docklands
776,21604,1486529973,1486530037,7200,Southbank
777,17253,1486529974,1486530100,3600,Docklands
778,21368,1486529974,1486530095,600,Southbank
779,17228,1486529975,1486530444,7200,Docklands
780,21756,1486529980,1486533282,7200,Southbank
781,20341,1486529983,1486530117,900,Queensberry
782,17719,1486529984,1486530289,900,Docklands
783,17295,1486529985,1486530226,900,Docklands
784,17588,1486529993,1486532078,7200,Docklands
785,21777,1486529993,1486530108,1800,Southbank
786,17757,1486529997,1486530044,7200,Docklands
787,17400,1486530540,1486533382,7200,Docklands
788,21369,1486530542,1486530851,600,Southbank
789,17228,1486530544,1486530977,7200,Docklands
790,17370,1486530553,1486530807,900,Docklands
791,17372,1486530555,1486530708,900,Docklands
792,21370,1486530572,1486530586,600,Southbank
793,20387,1486530572,1486542727,14400,Queensberry
794,17176,1486530576,1486531520,7200,Docklands
795,17256,1486530577,1486530901,900,Docklands
796,17187,1486530578,1486530986,3600,Docklands
797,21539,1486530580,1486539503,10800,Southbank
798,21574,1486530580,1486538221,7200,Southbank
799,21347,1486530580,1486531607,7200,Southbank
800,17182,1486530585,1486531030,1800,Docklands
801,21370,1486530586,1486530892,600,Southbank
802,17461,1486530588,1486531127,7200,Docklands
803,20511,1486530588,1486531098,900,Queensberry
804,21368,1486530589,1486531117,600,Southbank
805,17434,1486530598,1486533083,600,Docklands
806,17726,1486531144,1486532453,600,Docklands
807,17341,1486531148,1486533709,7200,Docklands
808,21886,1486531149,1486531227,7200,Southbank
809,19920,1486531153,1486536887,7200,Queensberry
810,17443,1486531155,1486532332,300,Docklands
811,21727,1486531164,1486532041,7200,Southbank
812,17231,1486531166,1486534250,7200,Docklands
813,17646,1486531167,1486532009,1800,Docklands
814,20126,1486531168,1486545626,14400,Queensberry
815,17185,1486531171,1486531397,3600,Docklands
816,17233,1486531172,1486531178,7200,Docklands
817,17640,1486531173,1486531506,7200,Docklands
818,17359,1486531176,1486532273,1800,Docklands
819,17233,1486531178,1486538404,7200,Docklands
820,21548,1486531178,1486541629,10800,Southbank
821,17303,1486531184,1486531538,900,Docklands
822,21739,1486531185,1486531313,3600,Southbank
823,21751,1486531188,1486534694,7200,Southbank
824,17613,1486531196,1486531647,7200,Docklands
825,17611,1486531198,1486535004,7200,Docklands
826,17459,1486531742,1486531848,7200,Docklands
827,19266,1486531742,1486535311,7200,Docklands
828,21731,1486531742,1486532778,3600,Southbank
829,17350,1486531746,1486532984,900,Docklands
830,17448,1486531748,1486538931,7200,Docklands
831,17694,1486531748,1486534324,7200,Docklands
832,21457,1486531751,1486532788,7200,Southbank
833,17330,1486531759,1486532758,7200,Docklands
834,17445,1486531762,1486532058,300,Docklands
835,17291,1486531763,1486532279,7200,Docklands
836,17283,1486531764,1486534009,3600,Docklands
837,17276,1486531766,1486532452,3600,Docklands
838,17266,1486531767,1486531886,14400,Docklands
839,17461,1486531772,1486532450,7200,Docklands
840,17188,1486531773,1486532536,900,Docklands
841,21886,1486531774,1486532598,7200,Southbank
842,17321,1486531776,1486540560,7200,Docklands
843,21777,1486531779,1486533602,1800,Southbank
844,21441,1486531780,1486532371,7200,Southbank
845,17438,1486531785,1486532000,7200,Docklands
846,21878,1486531791,1486531936,900,Southbank
847,17187,1486531794,1486532197,3600,Docklands
848,17430,1486531796,1486532405,900,Docklands
849,17452,1486531799,1486533175,7200,Docklands
850,17422,1486531799,1486532880,7200,Docklands
851,19989,1486532341,1486548203,14400,Queensberry
852,17187,1486532342,1486532474,3600,Docklands
853,17261,1486532343,1486533524,3600,Docklands
854,21478,1486532351,1486532382,7200,Southbank
855,17700,1486532353,1486533233,1800,Docklands
856,20532,1486532353,1486541244,14400,Queensberry
857,20582,1486532355,1486532764,7200,Queensberry
858,17699,1486532356,1486532362,1800,Docklands
859,17450,1486532358,1486536317,7200,Docklands
860,17698,1486532358,1486532452,1800,Docklands
861,17699,1486532362,1486532453,1800,Docklands
862,17228,1486532364,1486532460,7200,Docklands
863,17376,1486532366,1486532482,7200,Docklands
864,21441,1486532371,1486532457,7200,Southbank
865,21402,1486532376,1486532456,7200,Southbank
866,17375,1486532379,1486537967,7200,Docklands
867,21721,1486532379,1486532816,7200,Southbank
868,21478,1486532382,1486533004,7200,Southbank
869,17184,1486532387,1486532664,7200,Docklands
870,21878,1486532391,1486532889,900,Southbank
871,21752,1486532394,1486541580,7200,Southbank
872,17748,1486532397,1486533255,7200,Docklands
873,21660,1486532944,1486534741,10800,Southbank
874,17372,1486532946,1486533715,900,Docklands
875,17351,1486532955,1486538370,7200,Docklands
876,20378,1486532957,1486533152,900,Queensberry
877,20578,1486532958,1486533166,900,Queensberry
878,17327,1486532959,1486534183,7200,Docklands
879,17451,1486532962,1486533170,7200,Docklands
880,17323,1486532963,1486536942,7200,Docklands
881,20394,1486532968,1486544989,14400,Queensberry
882,21676,1486532969,1486537343,10800,Southbank
883,17462,1486532972,1486533239,7200,Docklands
884,17337,1486532974,1486536028,7200,Docklands
885,17329,1486532974,1486533532,900,Docklands
886,20072,1486532975,1486533984,14400,Queensberry
887,20347,1486532977,1486535329,3600,Queensberry
888,21802,1486532979,1486540439,7200,Southbank
889,17542,1486532980,1486533295,7200,Docklands
890,21399,1486532981,1486539464,10800,Southbank
891,17350,1486532984,1486534751,900,Docklands
892,17394,1486532989,1486533079,7200,Docklands
893,17508,1486532992,1486533213,7200,Docklands
894,20006,1486532992,1486537686,10800,Queensberry
895,17587,1486532999,1486533960,7200,Docklands
896,19267,1486533550,1486533832,900,Docklands
897,17271,1486533550,1486533827,900,Docklands
898,17174,1486533552,1486534118,900,Docklands
899,20369,1486533555,1486537319,7200,Queensberry
900,21608,1486533558,1486536461,7200,Southbank
901,17216,1486533560,1486534560,300,Docklands
902,20360,1486533563,1486533947,3600,Queensberry
903,20374,1486533563,1486535456,7200,Queensberry
904,17615,1486533564,1486533965,7200,Docklands
905,17757,1486533565,1486541770,7200,Docklands
906,20373,1486533566,1486535425,7200,Queensberry
907,21598,1486533572,1486533645,7200,Southbank
908,21589,1486533572,1486534228,7200,Southbank
909,17359,1486533576,1486536353,1800,Docklands
910,17715,1486533578,1486533584,900,Docklands
911,17370,1486533578,1486537387,900,Docklands
912,17709,1486533581,1486533911,900,Docklands
913,17715,1486533584,1486534127,900,Docklands
914,17742,1486533589,1486534664,7200,Docklands
915,17691,1486533592,1486533817,1800,Docklands
916,17336,1486533593,1486535681,300,Docklands
917,20023,1486534140,1486538253,7200,Queensberry
918,17779,1486534144,1486535602,7200,Docklands
919,17263,1486534148,1486535142,900,Docklands
920,21529,1486534148,1486534760,10800,Southbank
921,17615,1486534150,1486537219,7200,Docklands
922,17332,1486534154,1486534573,900,Docklands
923,21585,1486534154,1486540232,7200,Southbank
924,17713,1486534163,1486534633,900,Docklands
925,17774,1486534163,1486542302,7200,Docklands
926,17679,1486534166,1486534378,7200,Docklands
927,20581,1486534167,1486534383,7200,Queensberry
928,17703,1486534171,1486534812,900,Docklands
929,20287,1486534172,1486542368,14400,Queensberry
930,17749,1486534174,1486534971,7200,Docklands
931,17704,1486534174,1486534616,900,Docklands
932,17596,1486534176,1486536402,7200,Docklands
933,20371,1486534181,1486535378,7200,Queensberry
934,17327,1486534183,1486534189,7200,Docklands
935,17537,1486534185,1486541199,7200,Docklands
936,21664,1486534188,1486537284,10800,Southbank
937,17327,1486534189,1486534712,7200,Docklands
938,20358,1486534191,1486540560,3600,Queensberry
939,17600,1486534198,1486535754,7200,Docklands
940,21660,1486534741,1486538225,10800,Southbank
941,17698,1486534744,1486537881,1800,Docklands
942,17699,1486534745,1486548387,1800,Docklands
943,17535,1486534749,1486537005,7200,Docklands
944,17713,1486534750,1486535346,900,Docklands
945,17350,1486534751,1486536039,900,Docklands
946,17305,1486534752,1486536614,900,Docklands
947,17256,1486534753,1486535808,900,Docklands
948,21614,1486534753,1486536484,7200,Southbank
949,17419,1486534754,1486535590,900,Docklands
950,19927,1486534754,1486549800,1800,Queensberry
951,21527,1486534759,1486535118,10800,Southbank
952,21529,1486534760,1486538697,10800,Southbank
953,21699,1486534765,1486540480,10800,Southbank
954,17435,1486534768,1486535033,600,Docklands
955,17404,1486534770,1486534818,7200,Docklands
956,17227,1486534771,1486536093,7200,Docklands
957,17673,1486534773,1486535152,1800,Docklands
958,17332,1486534773,1486536217,900,Docklands
959,17675,1486534773,1486538704,1800,Docklands
960,17270,1486534778,1486549686,900,Docklands
961,20537,1486534787,1486536439,7200,Queensberry
962,17341,1486534790,1486542408,7200,Docklands
963,20511,1486534796,1486535603,900,Queensberry
964,17782,1486534799,1486536185,7200,Docklands
965,20061,1486535343,1486538077,14400,Queensberry
966,21496,1486535345,1486535580,10800,Southbank
967,17713,1486535346,1486535670,900,Docklands
968,21426,1486535347,1486538740,3600,Southbank
969,17466,1486535348,1486540285,7200,Docklands
970,17228,1486535348,1486535452,7200,Docklands
971,17764,1486535348,1486543140,7200,Docklands
972,17926,1486535351,1486536774,7200,Docklands
973,17534,1486535352,1486536011,7200,Docklands
974,17557,1486535352,1486540534,7200,Docklands
975,17176,1486535353,1486537003,7200,Docklands
976,17230,1486535356,1486535471,7200,Docklands
977,17622,1486535360,1486537307,7200,Docklands
978,17465,1486535364,1486546930,7200,Docklands
979,17406,1486535366,1486536403,300,Docklands
980,20282,1486535368,1486535882,14400,Queensberry
981,17253,1486535370,1486535841,3600,Docklands
982,21610,1486535371,1486535480,7200,Southbank
983,17272,1486535373,1486535475,900,Docklands
984,17217,1486535373,1486538118,300,Docklands
985,17499,1486535374,1486536665,7200,Docklands
986,17735,1486535375,1486536043,7200,Docklands
987,21885,1486535376,1486541174,7200,Southbank
988,17269,1486535380,1486535957,900,Docklands
989,21704,1486535381,1486535933,1800,Southbank
990,17271,1486535382,1486539374,900,Docklands
991,17188,1486535383,1486535532,900,Docklands
992,21706,1486535383,1486540254,1800,Southbank
993,20371,1486535384,1486535484,7200,Queensberry
994,17500,1486535388,1486540924,7200,Docklands
995,17186,1486535393,1486535544,7200,Docklands
996,17621,1486535395,1486542210,7200,Docklands
997,20060,1486535396,1486537821,14400,Queensberry
998,21799,1486535398,1486535473,7200,Southbank
999,17556,1486535943,1486536040,7200,Docklands
1000,20378,1486535944,1486538010,900,Queensberry
1001,17460,1486535949,1486536339,900,Docklands
1002,17288,1486535952,1486540269,3600,Docklands
1003,21369,1486535954,1486536007,600,Southbank
1004,17256,1486535955,1486538149,900,Docklands
1005,17269,1486535957,1486536284,900,Docklands
1006,20382,1486535962,1486541691,14400,Queensberry
1007,21687,1486535964,1486538640,7200,Southbank
1008,17746,1486535967,1486536214,7200,Docklands
1009,17443,1486535969,1486539302,300,Docklands
1010,17726,1486535969,1486536967,600,Docklands
1011,17189,1486535979,1486537469,3600,Docklands
1012,20303,1486535991,1486549800,14400,Queensberry
1013,21370,1486535994,1486536050,600,Southbank
1014,17398,1486535997,1486536111,7200,Docklands
1015,21683,1486535997,1486544345,10800,Southbank
1016,17258,1486536546,1486544863,7200,Docklands
1017,17702,1486536547,1486536710,900,Docklands
1018,21653,1486536547,1486536655,10800,Southbank
1019,20446,1486536548,1486549800,14400,Queensberry
1020,20578,1486536566,1486537578,900,Queensberry
1021,20150,1486536567,1486549800,14400,Queensberry
1022,20374,1486536570,1486538277,7200,Queensberry
1023,21527,1486536572,1486547938,10800,Southbank
1024,17438,1486536573,1486536660,7200,Docklands
1025,21796,1486536576,1486539636,7200,Southbank
1026,20029,1486536577,1486538603,3600,Queensberry
1027,17681,1486536579,1486537099,900,Docklands
1028,17498,1486536584,1486536654,1800,Docklands
1029,17707,1486536589,1486537219,900,Docklands
1030,17508,1486536594,1486544934,7200,Docklands
1031,21878,1486536595,1486536685,900,Southbank
1032,17419,1486537143,1486537808,900,Docklands
1033,20431,1486537144,1486549800,14400,Queensberry
1034,17401,1486537149,1486538865,1800,Docklands
1035,17436,1486537159,1486543857,7200,Docklands
1036,21770,1486537161,1486537681,7200,Southbank
1037,17459,1486537162,1486537196,7200,Docklands
1038,21459,1486537163,1486545275,7200,Southbank
1039,17726,1486537165,1486539676,600,Docklands
1040,20350,1486537166,1486541557,3600,Queensberry
1041,21598,1486537167,1486538434,7200,Southbank
1042,17512,1486537168,1486540015,1800,Docklands
1043,17395,1486537175,1486538934,7200,Docklands
1044,21494,1486537176,1486549800,10800,Southbank
1045,21386,1486537178,1486547734,10800,Southbank
1046,20355,1486537178,1486537925,900,Queensberry
1047,21606,1486537180,1486537474,7200,Southbank
1048,17205,1486537182,1486537383,3600,Docklands
1049,17782,1486537182,1486537288,7200,Docklands
1050,17176,1486537189,1486539489,7200,Docklands
1051,17546,1486537194,1486538887,7200,Docklands
1052,17459,1486537196,1486540381,7200,Docklands
1053,19267,1486537197,1486537784,900,Docklands
1054,21477,1486537748,1486537933,7200,Southbank
1055,17501,1486537749,1486541779,7200,Docklands
1056,21760,1486537751,1486538226,7200,Southbank
1057,17332,1486537757,1486540550,900,Docklands
1058,21547,1486537757,1486548889,10800,Southbank
1059,17551,1486537759,1486538091,7200,Docklands
1060,17372,1486537760,1486538068,900,Docklands
1061,21370,1486537764,1486537900,600,Southbank
1062,17646,1486537766,1486537907,1800,Docklands
1063,20336,1486537768,1486538004,3600,Queensberry
1064,17445,1486537774,1486538005,300,Docklands
1065,20459,1486537777,1486537963,900,Queensberry
1066,17768,1486537779,1486538299,7200,Docklands
1067,21604,1486537781,1486555079,7200,Southbank
1068,19267,1486537784,1486538617,900,Docklands
1069,17644,1486537786,1486538404,900,Docklands
1070,21886,1486537789,1486540462,7200,Southbank
1071,17370,1486537790,1486538878,900,Docklands
1072,20124,1486537792,1486544843,7200,Queensberry
1073,17637,1486537797,1486537959,1800,Docklands
1074,17709,1486537798,1486538075,900,Docklands
1075,17782,1486538342,1486538630,7200,Docklands
1076,17773,1486538343,1486538986,7200,Docklands
1077,21370,1486538353,1486538956,600,Southbank
1078,17179,1486538361,1486538442,7200,Docklands
1079,19919,1486538367,1486538682,7200,Queensberry
1080,17351,1486538370,1486549800,7200,Docklands
1081,21647,1486538370,1486540472,10800,Southbank
1082,17593,1486538374,1486543049,7200,Docklands
1083,17614,1486538378,1486542173,7200,Docklands
1084,17740,1486538382,1486538471,7200,Docklands
1085,17442,1486538385,1486539656,300,Docklands
1086,20329,1486538393,1486538487,14400,Queensberry
1087,17685,1486538395,1486545352,1800,Docklands
1088,17422,1486538940,1486539953,7200,Docklands
1089,17760,1486538942,1486539243,7200,Docklands
1090,17506,1486538943,1486540166,7200,Docklands
1091,17689,1486538943,1486542314,1800,Docklands
1092,17187,1486538944,1486539055,3600,Docklands
1093,17207,1486538945,1486539345,900,Docklands
1094,21573,1486538945,1486546981,7200,Southbank
1095,21676,1486538946,1486543163,10800,Southbank
1096,21370,1486538956,1486539007,600,Southbank
1097,17230,1486538957,1486539443,7200,Docklands
1098,17681,1486538958,1486539089,900,Docklands
1099,17599,1486538960,1486542406,7200,Docklands
1100,17360,1486538965,1486543884,7200,Docklands
1101,17642,1486538972,1486539059,900,Docklands
1102,21486,1486538972,1486544996,10800,Southbank
1103,20581,1486538974,1486541004,7200,Queensberry
1104,17535,1486538978,1486545225,7200,Docklands
1105,21376,1486538984,1486539493,10800,Southbank
1106,17773,1486538986,1486541220,7200,Docklands
1107,21535,1486538987,1486548799,10800,Southbank
1108,17609,1486538991,1486540190,7200,Docklands
1109,17430,1486538991,1486540085,900,Docklands
1110,17199,1486538999,1486539223,3600,Docklands
1111,17582,1486539540,1486540836,7200,Docklands
1112,17754,1486539544,1486543756,7200,Docklands
1113,17431,1486539546,1486540226,900,Docklands
1114,17291,1486539548,1486540981,7200,Docklands
1115,19899,1486539548,1486540693,7200,Queensberry
1116,17255,1486539553,1486539677,3600,Docklands
1117,20548,1486539554,1486546165,7200,Queensberry
1118,17330,1486539558,1486540843,7200,Docklands
1119,20543,1486539558,1486547556,7200,Queensberry
1120,20015,1486539568,1486544670,10800,Queensberry
1121,21640,1486539570,1486549800,7200,Southbank
1122,21612,1486539573,1486540244,7200,Southbank
1123,17681,1486539574,1486540084,900,Docklands
1124,17683,1486539575,1486543199,1800,Docklands
1125,21611,1486539579,1486545174,7200,Southbank
1126,21698,1486539583,1486540942,10800,Southbank
1127,21413,1486539586,1486547486,14400,Southbank
1128,21532,1486539588,1486548825,10800,Southbank
1129,17740,1486539590,1486540792,7200,Docklands
1130,17597,1486539592,1486540556,7200,Docklands
1131,21483,1486539592,1486551176,14400,Southbank
1132,17392,1486539593,1486539670,7200,Docklands
1133,21358,1486540140,1486545542,3600,Southbank
1134,17665,1486540141,1486545706,10800,Docklands
1135,17604,1486540142,1486541618,7200,Docklands
1136,17548,1486540146,1486540624,7200,Docklands
1137,21493,1486540146,1486549589,10800,Southbank
1138,17379,1486540149,1486549800,1800,Docklands
1139,21495,1486540149,1486549420,10800,Southbank
1140,21750,1486540151,1486540800,7200,Southbank
1141,17228,1486540158,1486540171,7200,Docklands
1142,21421,1486540162,1486540279,7200,Southbank
1143,21753,1486540162,1486549800,7200,Southbank
1144,17506,1486540166,1486541043,7200,Docklands
1145,17228,1486540171,1486540591,7200,Docklands
1146,21370,1486540172,1486540373,600,Southbank
1147,17730,1486540175,1486540200,7200,Docklands
1148,17704,1486540179,1486541928,900,Docklands
1149,17393,1486540179,1486543065,1800,Docklands
1150,20459,1486540180,1486540861,900,Queensberry
1151,17752,1486540181,1486540512,7200,Docklands
1152,17376,1486540183,1486540875,7200,Docklands
1153,17703,1486540184,1486541276,900,Docklands
1154,17657,1486540187,1486549800,10800,Docklands
1155,21438,1486540187,1486540722,7200,Southbank
1156,17609,1486540190,1486540494,7200,Docklands
1157,17780,1486540191,1486541438,7200,Docklands
1158,17187,1486540193,1486540250,3600,Docklands
1159,17510,1486540194,1486544797,7200,Docklands
1160,21645,1486540194,1486542862,10800,Southbank
1161,17406,1486540195,1486540501,300,Docklands
1162,21372,1486540195,1486549120,10800,Southbank
1163,20338,1486540196,1486540605,900,Queensberry
1164,17533,1486540197,1486545299,7200,Docklands
1165,17292,1486540198,1486540279,900,Docklands
1166,17188,1486540741,1486541155,900,Docklands
1167,17687,1486540741,1486541320,1800,Docklands
1168,17391,1486540741,1486540929,1800,Docklands
1169,20425,1486540741,1486542884,14400,Queensberry
1170,17770,1486540744,1486546415,7200,Docklands
1171,20372,1486540748,1486542264,7200,Queensberry
1172,17173,1486540750,1486541153,600,Docklands
1173,17608,1486540752,1486541174,7200,Docklands
1174,21878,1486540755,1486541181,900,Southbank
1175,21410,1486540757,1486549800,10800,Southbank
1176,20563,1486540758,1486540960,3600,Queensberry
1177,20371,1486540760,1486542257,7200,Queensberry
1178,21799,1486540763,1486540799,7200,Southbank
1179,21884,1486540765,1486547564,7200,Southbank
1180,21802,1486540768,1486543073,7200,Southbank
1181,17373,1486540769,1486541280,7200,Docklands
1182,17300,1486540770,1486543662,7200,Docklands
1183,17462,1486540772,1486541132,7200,Docklands
1184,20260,1486540772,1486549800,1800,Queensberry
1185,17505,1486540775,1486541498,1800,Docklands
1186,21520,1486540777,1486549094,10800,Southbank
1187,21353,1486540780,1486547990,7200,Southbank
1188,21612,1486540786,1486541652,7200,Southbank
1189,17230,1486540790,1486540800,7200,Docklands
1190,17740,1486540792,1486549800,7200,Docklands
1191,17177,1486540795,1486540811,1800,Docklands
1192,17715,1486540798,1486544029,900,Docklands
1193,17309,1486540798,1486542138,7200,Docklands
1194,21799,1486540799,1486546525,7200,Southbank
1195,17512,1486541342,1486548914,1800,Docklands
1196,21451,1486541347,1486542950,7200,Southbank
1197,21614,1486541349,1486541902,7200,Southbank
1198,17587,1486541360,1486549800,7200,Docklands
1199,21356,1486541370,1486543550,3600,Southbank
1200,20359,1486541372,1486545007,3600,Queensberry
1201,17388,1486541375,1486541733,7200,Docklands
1202,17263,1486541379,1486541809,900,Docklands
1203,17591,1486541384,1486542594,7200,Docklands
1204,17652,1486541392,1486542157,900,Docklands
1205,17730,1486541394,1486541812,7200,Docklands
1206,21776,1486541394,1486541874,1800,Southbank
1207,17404,1486541396,1486541647,7200,Docklands
1208,17712,1486541399,1486543111,900,Docklands
1209,21414,1486541942,1486549800,10800,Southbank
1210,21758,1486541943,1486542090,7200,Southbank
1211,21502,1486541948,1486545000,10800,Southbank
1212,17188,1486541955,1486542074,900,Docklands
1213,17458,1486541959,1486542396,1800,Docklands
1214,17286,1486541963,1486542993,3600,Docklands
1215,21601,1486541967,1486542445,7200,Southbank
1216,17460,1486541970,1486542330,900,Docklands
1217,21760,1486541972,1486543303,7200,Southbank
1218,21614,1486541974,1486548605,7200,Southbank
1219,17388,1486541975,1486543745,7200,Docklands
1220,17445,1486541981,1486542124,300,Docklands
1221,17418,1486541985,1486542102,900,Docklands
1222,21370,1486541985,1486542066,600,Southbank
1223,17288,1486541986,1486542014,3600,Docklands
1224,17642,1486541998,1486542091,900,Docklands
1225,17671,1486542542,1486543129,1800,Docklands
1226,21428,1486542547,1486542651,3600,Southbank
1227,17290,1486542554,1486542981,900,Docklands
1228,21613,1486542558,1486543910,7200,Southbank
1229,17583,1486542566,1486545500,7200,Docklands
1230,21587,1486542568,1486545256,7200,Southbank
1231,17184,1486542569,1486542595,7200,Docklands
1232,21757,1486542571,1486547057,7200,Southbank
1233,17611,1486542573,1486545240,7200,Docklands
1234,21370,1486542574,1486542580,600,Southbank
1235,17751,1486542575,1486549800,7200,Docklands
1236,17609,1486542575,1486542710,7200,Docklands
1237,17230,1486542575,1486542595,7200,Docklands
1238,17304,1486542579,1486545457,7200,Docklands
1239,21370,1486542580,1486543279,600,Southbank
1240,20047,1486542580,1486542748,14400,Queensberry
1241,17186,1486542592,1486549800,7200,Docklands
1242,17615,1486542593,1486543756,7200,Docklands
1243,17591,1486542594,1486549800,7200,Docklands
1244,17184,1486542595,1486545019,7200,Docklands
1245,17230,1486542595,1486542920,7200,Docklands
1246,20220,1486542597,1486542750,14400,Queensberry
1247,17764,1486543140,1486544700,7200,Docklands
1248,17733,1486543141,1486549800,7200,Docklands
1249,17607,1486543142,1486544379,7200,Docklands
1250,17391,1486543142,1486543742,1800,Docklands
1251,17393,1486543145,1486544817,1800,Docklands
1252,17514,1486543145,1486549800,1800,Docklands
1253,17681,1486543149,1486543349,900,Docklands
1254,17410,1486543150,1486544197,900,Docklands
1255,17739,1486543152,1486543270,7200,Docklands
1256,20003,1486543152,1486545459,10800,Queensberry
1257,17702,1486543153,1486548046,900,Docklands
1258,20361,1486543155,1486543558,3600,Queensberry
1259,17758,1486543156,1486545962,7200,Docklands
1260,17730,1486543157,1486543219,7200,Docklands
1261,17774,1486543159,1486543829,7200,Docklands
1262,17446,1486543161,1486543242,7200,Docklands
1263,21422,1486543162,1486544746,3600,Southbank
1264,21676,1486543163,1486549170,10800,Southbank
1265,21415,1486543164,1486543619,14400,Southbank
1266,17608,1486543166,1486543964,7200,Docklands
1267,17616,1486543167,1486549800,7200,Docklands
1268,17712,1486543168,1486544347,900,Docklands
1269,17574,1486543175,1486543318,1800,Docklands
1270,21449,1486543175,1486549800,7200,Southbank
1271,21424,1486543177,1486546350,3600,Southbank
1272,21752,1486543178,1486543753,7200,Southbank
1273,17348,1486543181,1486543854,300,Docklands
1274,17550,1486543182,1486543722,7200,Docklands
1275,17353,1486543195,1486544650,7200,Docklands
1276,17235,1486543198,1486543664,7200,Docklands
1277,17683,1486543199,1486543390,1800,Docklands
1278,17271,1486543741,1486543898,900,Docklands
1279,17182,1486543741,1486543832,1800,Docklands
1280,17391,1486543742,1486544126,1800,Docklands
1281,21594,1486543743,1486545291,7200,Southbank
1282,17388,1486543745,1486545460,7200,Docklands
1283,17673,1486543747,1486543762,1800,Docklands
1284,17778,1486543750,1486547466,7200,Docklands
1285,21842,1486543752,1486543867,7200,Southbank
1286,17614,1486543753,1486544317,7200,Docklands
1287,21752,1486543753,1486547502,7200,Southbank
1288,17675,1486543756,1486544472,1800,Docklands
1289,17754,1486543756,1486544211,7200,Docklands
1290,17615,1486543756,1486547502,7200,Docklands
1291,21698,1486543756,1486545592,10800,Southbank
1292,20535,1486543758,1486545936,7200,Queensberry
1293,20534,1486543758,1486545935,7200,Queensberry
1294,17671,1486543761,1486543901,1800,Docklands
1295,17673,1486543762,1486543900,1800,Docklands
1296,21617,1486543763,1486543944,900,Southbank
1297,17701,1486543770,1486547604,900,Docklands
1298,17463,1486543774,1486549702,7200,Docklands
1299,21770,1486543775,1486543866,7200,Southbank
1300,19895,1486543777,1486549800,7200,Queensberry
1301,21650,1486543780,1486545280,10800,Southbank
1302,17457,1486543786,1486543808,7200,Docklands
1303,20292,1486543786,1486549800,14400,Queensberry
1304,17297,1486543789,1486549800,7200,Docklands
1305,17480,1486543789,1486543908,7200,Docklands
1306,17278,1486543790,1486569600,14400,Docklands
1307,17263,1486543794,1486544139,900,Docklands
1308,21751,1486543795,1486549800,7200,Southbank
1309,21369,1486543795,1486544021,600,Southbank
1310,21802,1486543797,1486545025,7200,Southbank
1311,21842,1486544343,1486544879,7200,Southbank
1312,21683,1486544345,1486549800,10800,Southbank
1313,17712,1486544347,1486544794,900,Docklands
1314,19937,1486544348,1486549800,14400,Queensberry
1315,17642,1486544349,1486545231,900,Docklands
1316,21351,1486544351,1486544717,7200,Southbank
1317,17423,1486544352,1486545002,900,Docklands
1318,17485,1486544354,1486546063,7200,Docklands
1319,17783,1486544355,1486546166,7200,Docklands
1320,17269,1486544359,1486544956,900,Docklands
1321,17361,1486544360,1486544542,1800,Docklands
1322,19969,1486544360,1486544798,14400,Queensberry
1323,21754,1486544363,1486545328,7200,Southbank
1324,21539,1486544363,1486545099,10800,Southbank
1325,21726,1486544374,1486544599,7200,Southbank
1326,17607,1486544379,1486548201,7200,Docklands
1327,21577,1486544379,1486544543,7200,Southbank
1328,17318,1486544386,1486544612,7200,Docklands
1329,21607,1486544386,1486544653,7200,Southbank
1330,20135,1486544387,1486549800,14400,Queensberry
1331,21657,1486544392,1486549800,10800,Southbank
1332,17613,1486544396,1486545418,7200,Docklands
1333,17755,1486544399,1486547291,7200,Docklands
1334,17764,1486544943,1486547478,7200,Docklands
1335,17480,1486544946,1486549800,7200,Docklands
1336,17471,1486544946,1486549800,7200,Docklands
1337,17425,1486544947,1486546635,900,Docklands
1338,17235,1486544947,1486546037,7200,Docklands
1339,17742,1486544950,1486546386,7200,Docklands
1340,17269,1486544956,1486545892,900,Docklands
1341,17596,1486544961,1486549800,7200,Docklands
1342,21768,1486544961,1486545359,7200,Southbank
1343,20125,1486544962,1486547725,14400,Queensberry
1344,17333,1486544968,1486545843,900,Docklands
1345,21371,1486544969,1486544988,600,Southbank
1346,21461,1486544970,1486549800,7200,Southbank
1347,19268,1486544971,1486549800,7200,Docklands
1348,17711,1486544972,1486549800,900,Docklands
1349,17329,1486544977,1486546236,900,Docklands
1350,17491,1486544977,1486553262,14400,Docklands
1351,21842,1486544977,1486545357,7200,Southbank
1352,21369,1486544979,1486544989,600,Southbank
1353,17747,1486544982,1486548196,7200,Docklands
1354,17683,1486544985,1486545117,1800,Docklands
1355,21371,1486544988,1486545629,600,Southbank
1356,17336,1486544989,1486547717,300,Docklands
1357,21369,1486544989,1486545153,600,Southbank
1358,17261,1486544990,1486546216,3600,Docklands
1359,21486,1486544996,1486549800,10800,Southbank
1360,21358,1486545542,1486547220,3600,Southbank
1361,20342,1486545543,1486545824,3600,Queensberry
1362,21621,1486545545,1486545577,7200,Southbank
1363,17453,1486545549,1486546650,7200,Docklands
1364,21801,1486545551,1486549474,7200,Southbank
1365,17681,1486545560,1486545623,900,Docklands
1366,17327,1486545561,1486549800,7200,Docklands
1367,21800,1486545570,1486549276,7200,Southbank
1368,17731,1486545573,1486545768,7200,Docklands
1369,21621,1486545577,1486549800,7200,Southbank
1370,17228,1486545582,1486545821,7200,Docklands
1371,21387,1486545582,1486549289,7200,Southbank
1372,17460,1486545585,1486546173,900,Docklands
1373,17556,1486545585,1486549800,7200,Docklands
1374,17589,1486545586,1486545656,7200,Docklands
1375,20434,1486545591,1486549800,14400,Queensberry
1376,21698,1486545592,1486545943,10800,Southbank
1377,17350,1486545596,1486546166,900,Docklands
1378,17559,1486546140,1486546170,7200,Docklands
1379,21350,1486546144,1486548029,7200,Southbank
1380,17373,1486546145,1486546539,7200,Docklands
1381,17274,1486546146,1486547060,3600,Docklands
1382,20561,1486546150,1486546448,3600,Queensberry
1383,17603,1486546153,1486549800,1800,Docklands
1384,17522,1486546154,1486548083,7200,Docklands
1385,17454,1486546158,1486546179,7200,Docklands
1386,17783,1486546166,1486549800,7200,Docklands
1387,17350,1486546166,1486546192,900,Docklands
1388,17469,1486546167,1486549800,7200,Docklands
1389,17418,1486546168,1486546695,900,Docklands
1390,17543,1486546169,1486546922,7200,Docklands
1391,17559,1486546170,1486549800,7200,Docklands
1392,17460,1486546173,1486546561,900,Docklands
1393,17551,1486546178,1486547491,7200,Docklands
1394,21636,1486546178,1486549800,7200,Southbank
1395,17454,1486546179,1486546456,7200,Docklands
1396,17730,1486546183,1486549800,7200,Docklands
1397,21356,1486546183,1486547307,3600,Southbank
1398,21428,1486546184,1486547540,3600,Southbank
1399,17305,1486546185,1486546200,900,Docklands
1400,21426,1486546185,1486546898,3600,Southbank
1401,17350,1486546192,1486546790,900,Docklands
1402,17519,1486546196,1486546475,7200,Docklands
1403,20359,1486546199,1486549800,3600,Queensberry
1404,17763,1486546747,1486549762,7200,Docklands
1405,21675,1486546748,1486546958,900,Southbank
1406,20087,1486546753,1486549800,7200,Queensberry
1407,17401,1486546755,1486546968,1800,Docklands
1408,17435,1486546755,1486548669,600,Docklands
1409,17546,1486546756,1486547241,7200,Docklands
1410,17436,1486546758,1486550778,7200,Docklands
1411,17365,1486546760,1486546965,900,Docklands
1412,17185,1486546764,1486546876,3600,Docklands
1413,17261,1486546764,1486547856,3600,Docklands
1414,21368,1486546768,1486546885,600,Southbank
1415,21370,1486546770,1486546934,600,Southbank
1416,21574,1486546772,1486549800,7200,Southbank
1417,17282,1486546775,1486547103,7200,Docklands
1418,17251,1486546776,1486547710,3600,Docklands
1419,21664,1486546779,1486547246,10800,Southbank
1420,19947,1486546780,1486548474,14400,Queensberry
1421,20444,1486546781,1486549800,14400,Queensberry
1422,21539,1486546782,1486549800,10800,Southbank
1423,17371,1486546786,1486546913,7200,Docklands
1424,17667,1486546786,1486549800,10800,Docklands
1425,21662,1486546786,1486547249,10800,Southbank
1426,21768,1486546788,1486549800,7200,Southbank
1427,17350,1486546790,1486546824,900,Docklands
1428,20094,1486546791,1486549800,7200,Queensberry
1429,20411,1486546796,1486549800,14400,Queensberry
1430,21505,1486547340,1486549800,10800,Southbank
1431,20188,1486547340,1486549800,14400,Queensberry
1432,21351,1486547348,1486548031,7200,Southbank
1433,19911,1486547354,1486549800,7200,Queensberry
1434,21705,1486547357,1486549800,10800,Southbank
1435,21886,1486547358,1486547616,7200,Southbank
1436,17411,1486547359,1486547426,900,Docklands
1437,20269,1486547359,1486549800,7200,Queensberry
1438,20545,1486547359,1486547931,7200,Queensberry
1439,21546,1486547369,1486547661,10800,Southbank
1440,17218,1486547371,1486547610,300,Docklands
1441,17366,1486547371,1486547447,1800,Docklands
1442,17332,1486547380,1486547420,900,Docklands
1443,21704,1486547387,1486548344,1800,Southbank
1444,17412,1486547392,1486548237,900,Docklands
1445,17467,1486547394,1486547536,7200,Docklands
1446,17661,1486547394,1486549800,10800,Docklands
1447,21369,1486547945,1486547979,600,Southbank
1448,21697,1486547952,1486548416,10800,Southbank
1449,21396,1486547953,1486549800,10800,Southbank
1450,17293,1486547955,1486548153,7200,Docklands
1451,20125,1486547955,1486549642,14400,Queensberry
1452,21673,1486547956,1486549800,10800,Southbank
1453,21775,1486547958,1486549800,7200,Southbank
1454,20235,1486547958,1486549800,14400,Queensberry
1455,21686,1486547961,1486549800,10800,Southbank
1456,21541,1486547961,1486549800,10800,Southbank
1457,21368,1486547966,1486548032,600,Southbank
1458,19978,1486547967,1486549800,14400,Queensberry
1459,20202,1486547968,1486549800,14400,Queensberry
1460,21456,1486547969,1486548210,7200,Southbank
1461,21395,1486547970,1486549800,7200,Southbank
1462,17230,1486547973,1486548197,7200,Docklands
1463,21458,1486547974,1486548975,7200,Southbank
1464,17698,1486547979,1486548287,1800,Docklands
1465,21369,1486547979,1486548097,600,Southbank
1466,21388,1486547979,1486549800,10800,Southbank
1467,21400,1486547981,1486549800,7200,Southbank
1468,21371,1486547985,1486548091,600,Southbank
1469,21370,1486547987,1486548142,600,Southbank
1470,17481,1486547988,1486549800,7200,Docklands
1471,21353,1486547990,1486557000,7200,Southbank
1472,21886,1486547990,1486549800,7200,Southbank
1473,17267,1486547991,1486548777,900,Docklands
1474,17265,1486547992,1486548774,900,Docklands
1475,17771,1486547993,1486548478,7200,Docklands
1476,17350,1486547998,1486549011,900,Docklands
1477,17401,1486548540,1486548696,1800,Docklands
1478,17619,1486548546,1486548731,7200,Docklands
1479,21715,1486548547,1486549800,7200,Southbank
1480,19951,1486548548,1486549800,14400,Queensberry
1481,17283,1486548551,1486549800,3600,Docklands
1482,17707,1486548552,1486549800,900,Docklands
1483,20127,1486548559,1486549800,14400,Queensberry
1484,21371,1486548560,1486548652,600,Southbank
1485,17709,1486548562,1486549800,900,Docklands
1486,21666,1486548563,1486549800,10800,Southbank
1487,21596,1486548563,1486549800,7200,Southbank
1488,17607,1486548564,1486549800,7200,Docklands
1489,21369,1486548564,1486548904,600,Southbank
1490,19983,1486548564,1486549800,14400,Queensberry
1491,17687,1486548568,1486549547,1800,Docklands
1492,21589,1486548568,1486549458,7200,Southbank
1493,21601,1486548569,1486549225,7200,Southbank
1494,21704,1486548576,1486549212,1800,Southbank
1495,17423,1486548577,1486548628,900,Docklands
1496,17224,1486548578,1486549800,7200,Docklands
1497,17332,1486548579,1486549528,900,Docklands
1498,17674,1486548582,1486549800,7200,Docklands
1499,21617,1486548585,1486551251,900,Southbank
1500,17736,1486548586,1486549800,7200,Docklands
1501,17571,1486548588,1486549800,7200,Docklands
1502,17185,1486548589,1486548906,3600,Docklands
1503,17356,1486548592,1486549800,7200,Docklands
1504,17428,1486548593,1486554893,7200,Docklands
1505,17654,1486548594,1486549800,900,Docklands
1506,20511,1486548599,1486549039,900,Queensberry
1507,17377,1486549140,1486549800,1800,Docklands
1508,21368,1486549141,1486549371,600,Southbank
1509,20020,1486549144,1486549800,7200,Queensberry
1510,21842,1486549147,1486549800,7200,Southbank
1511,17677,1486549149,1486549800,1800,Docklands
1512,21436,1486549149,1486549800,7200,Southbank
1513,21370,1486549158,1486550551,600,Southbank
1514,20071,1486549167,1486549374,14400,Queensberry
1515,17346,1486549169,1486549305,7200,Docklands
1516,21676,1486549170,1486549800,10800,Southbank
1517,20413,1486549170,1486549800,14400,Queensberry
1518,19948,1486549172,1486549800,14400,Queensberry
1519,21358,1486549173,1486553400,3600,Southbank
1520,17247,1486549174,1486553734,3600,Docklands
1521,21707,1486549175,1486549429,10800,Southbank
1522,17301,1486549183,1486549800,7200,Docklands
1523,21454,1486549184,1486549246,7200,Southbank
1524,17370,1486549185,1486549800,900,Docklands
1525,17725,1486549187,1486549800,7200,Docklands
1526,17348,1486549189,1486549287,300,Docklands
1527,21571,1486549191,1486549456,7200,Southbank
1528,21579,1486549195,1486549398,7200,Southbank
1529,17381,1486549198,1486549800,600,Docklands
1530,17205,1486549744,1486549800,3600,Docklands
1531,17763,1486549762,1486549800,7200,Docklands
1532,17303,1486549765,1486549800,900,Docklands
1533,17722,1486549767,1486549800,1800,Docklands
1534,17695,1486549770,1486549800,1800,Docklands
1535,17744,1486549780,1486549800,7200,Docklands
1536,21587,1486549786,1486549800,7200,Southbank
1537,20447,1486549794,1486550079,3600,Queensberry
1538,21368,1486550949,1486551191,600,Southbank
1539,17218,1486550990,1486551147,300,Docklands
1540,21370,1486551541,1486551547,600,Southbank
1541,21370,1486551547,1486551728,600,Southbank
